Workbook
Name FG_GolesLocal: WORLDCUP!$AC$4:$AC$97
Name FG_GolesVisitante: WORLDCUP!$AD$4:$AD$97
Name FGLocal: WORLDCUP!$AA$4:$AA$97
Name FGVisitante: WORLDCUP!$AF$4:$AF$97
Name Ganador: WORLDCUP!$D$4:$D$97
Name Grafico: Graf!$A$1:$C$11
Name Grafico_range: _xlfn.ANCHORARRAY(Stats!$H$8)
Name Grafico_vacio: Graf!$F$1
Name Grafico1X2: IF(Stats!$D$34,Grafico,Grafico_vacio)
Name Lista_fechas_rondas: Equipos!$Q$40:INDEX(Equipos!$Q$40:$Q$63,SUMPRODUCT((NOT(ISERROR(Equipos!$Q$40:$Q$63)))*(Equipos!$Q$40:$Q$63<>"")))
Name Part1Empate1L: WORLDCUP!$E$4:$E$97
Name Part1Empate1V: WORLDCUP!$F$4:$F$97
Name Part1Empate2L: WORLDCUP!$H$4:$H$97
Name Part1Empate2V: WORLDCUP!$I$4:$I$97
Name Part1Empate3L: WORLDCUP!$K$4:$K$97
Name Part1Empate3V: WORLDCUP!$L$4:$L$97
Name Part2Empate4L: WORLDCUP!$N$4:$N$97
Name Part2Empate4V: WORLDCUP!$O$4:$O$97
Name Part2Empate5L: WORLDCUP!$Q$4:$Q$97
Name Part2Empate5V: WORLDCUP!$R$4:$R$97
Name Part2Empate6L: WORLDCUP!$T$4:$T$97
Name Part2Empate6V: WORLDCUP!$U$4:$U$97
Name Rango_Admin_Clas: INDEX(ADMIN!$S$1:$GU$5,1,1):INDEX(ADMIN!$S$1:$GU$5,5,ADMIN!$D$5*3)
Name Rango_Admin_Clas_Primera: INDEX(ADMIN!$S$1:$GU$1,1,1):INDEX(ADMIN!$S$1:$GU$1,1,ADMIN!$D$5*3)
Name Rango_Admin_Clas_Total: INDEX(ADMIN!$S$1:$GU$300,1,1):INDEX(ADMIN!$S$1:$GU$300,300,ADMIN!$D$5*3)
Name Rango_Admin_DailyClas: INDEX(ADMIN!$S$263:$GU$267,1,1):INDEX(ADMIN!$S$263:$GU$267,5,ADMIN!$D$5*3)
Name Rango_Admin_DailyClas_Primera: INDEX(ADMIN!$S$263:$GU$263,1,1):INDEX(ADMIN!$S$263:$GU$263,1,ADMIN!$D$5*3)
Name Rango_Admin_DailyPred: INDEX(ADMIN!$K$5:$GU$300,1,1):INDEX(ADMIN!$K$5:$GU$300,296,ADMIN!$D$5*3+8)
Name Rango_Admin_DailyPred_Primera: INDEX(ADMIN!$K$5:$GU$300,1,1):INDEX(ADMIN!$K$5:$GU$300,1,ADMIN!$D$5*3+8)

Sheet Home
B3: =Idiomas!D8 -> XXIII Mundial USA/MEX/CAN 2026
C5: ="📋 "&Idiomas!D7 -> 📋 Selecciona idioma
C6: Español | K6: Admin
C7: ="🕒 "&Idiomas!D15 -> 🕒 Selecciona horario
C8: España | K8: =Idiomas!D4 -> Introducir resultados
C9: ="✍️ "&Idiomas!D48 -> ✍️ Escribe el nombre del grupo
C10: Metaporra | K10: Help
K12: =HYPERLINK(Idiomas!D302,Idiomas!D431) -> Sistema de puntuación
K14: =HYPERLINK(Idiomas!D13,"FAQ") -> FAQ
K17: Video►Tutorial
G19: =IFERROR(IF(E41<E42,Idiomas!D505,IF(AND(E41>=E42,E41<=E43),Idiomas!D507,""))&" "&IF(E41<E42,DATEDIF(E41,E42,"D"),IF(E41=E42,1,IF(AND(E41>E42,E41<=E43),DATEDIF(E42,E41,"D")+1,IF(E41>E43,"",""))))&" "&IF(E41<E42,Idiomas!D506,IF(AND(E41>=E42,E41<=E43),Idiomas!D508,"")),"") -> Es el día 10 del Mundial 2026
G20: =IFERROR(IF(E41<E42,"",IF(AND(E41>=E42,E41<=E43),Idiomas!D509,IF(E41>E43,"",)))&" "&IF(E41<E42,"",IF(AND(E41>=E42,E41<=E43),DATEDIF(E41,E43,"D"),IF(E41>E43,"",)))&" "&IF(E41<E42,"",IF(AND(E41>=E42,E41<=E43),Idiomas!D510,IF(E41>E43,"",))),"") -> Quedan 29 días para que acabe el Mundial 2026
E21: Share:
C22: 50 | E22: Whatsapp | F22: Telegram | G22: Mail | H22: X | I22: in
K23: © Miguel Angel Tejero. 2026
E41: =TODAY() -> 46193
E42: =INT(Horarios!C4) -> 46184
E43: =INT(Horarios!C147) -> 46222

Sheet WORLDCUP
W1: =Idiomas!D8 -> XXIII Mundial USA/MEX/CAN 2026 | AV1: Video►Tutorial | DN1: Horarios!$P$3
D3: WINNER | E3: Empate1L | F3: Empate1V | H3: Empate2L | I3: Empate2V | K3: Empate3L | L3: Empate3V | N3: Empate4L | O3: Empate4V | Q3: Empate5L | R3: Empate5V | T3: Empate6L | U3: Empate6V | X3: =Idiomas!D16 -> Fecha | Y3: =Idiomas!D17 -> Hora | Z3: =Idiomas!D18 -> Jor. | AA3: =Idiomas!D19 -> Casa | AC3: =Idiomas!D20 -> Gol | AD3: =Idiomas!D20 -> Gol | AF3: =Idiomas!D21 -> Fuera | AJ3: =Idiomas!D22 -> Grupo | AV3: =Idiomas!D23 -> ¡EMPATE! Puedes seleccionar el orden de los empatados. | AY3: =Idiomas!D74 -> ¿Hay equipos penalizados? | AZ3: No | DT3: Esta esta solo en admin para calculo de fechas en prediccion y clas diaria
A4: NombreEquipo | B4: A | C4: =COUNTIF(Equipos!$C$2:$C$49,WORLDCUP!B4) -> 4 | D4: =IF(OR(AC4="",AD4=""),"Pendiente",IF(AC4>AD4,"Local",IF(AC4<AD4,"Visitante","Empate"))) -> Local | E4: =IF(D4="Pendiente","-",INDEX($BT$6:$BT$53,MATCH($AA4,$BD$6:$BD$53,0))) -> - | F4: =IF(D4="Pendiente","-",INDEX($BT$6:$BT$53,MATCH($AF4,$BD$6:$BD$53,0))) -> P.3 (2) | H4: =IF(D4="Pendiente","-",INDEX($BZ$6:$BZ$53,MATCH($AA4,$BD$6:$BD$53,0))) -> - | I4: =IF(D4="Pendiente","-",INDEX($BZ$6:$BZ$53,MATCH($AF4,$BD$6:$BD$53,0))) -> P.3 (2) | K4: =IF(D4="Pendiente","-",INDEX($CE$6:$CE$53,MATCH($AA4,$BD$6:$BD$53,0))) -> - | L4: =IF(D4="Pendiente","-",INDEX($CE$6:$CE$53,MATCH($AF4,$BD$6:$BD$53,0))) -> P.3 (2) | N4: =IF(D4="Pendiente","-",INDEX($CH$6:$CH$53,MATCH($AA4,$BD$6:$BD$53,0))) -> - | O4: =IF(D4="Pendiente","-",INDEX($CH$6:$CH$53,MATCH($AF4,$BD$6:$BD$53,0))) -> P.3 (2) | Q4: =IF(D4="Pendiente","-",INDEX($CN$6:$CN$53,MATCH($AA4,$BD$6:$BD$53,0))) -> - | R4: =IF(D4="Pendiente","-",INDEX($CN$6:$CN$53,MATCH($AF4,$BD$6:$BD$53,0))) -> P.3 (2) | T4: =IF(D4="Pendiente","-",INDEX($CS$6:$CS$53,MATCH($AA4,$BD$6:$BD$53,0))) -> - | U4: =IF(D4="Pendiente","-",INDEX($CS$6:$CS$53,MATCH($AF4,$BD$6:$BD$53,0))) -> P.3 (2) | W4: A | X4: =Horarios!C4 -> 46184.875 | Y4: =Horarios!C4 -> 46184.875 | Z4: =Idiomas!D63 -> J1 | AA4: =+A5 -> México | AB4: {=Ver_flag_local} -> #VALUE! | AC4: 2 | AD4: 0 | AE4: {=Ver_flag_visit} -> #VALUE! | AF4: =A6 -> Sudáfrica | AG4: =IF(NOT(OR(ISBLANK(AC4),ISBLANK(AD4))),1,0) -> 1 | AH4: 1 | AJ4: =CONCATENATE(AJ3," ",B4) -> Grupo A | AV4: =IF(AU5>0,$AV$3,"") | DC4: En Grupos por bombo, en terceros por orden alfa | DT4: =AA4&"-"&AF4 -> México-Sudáfrica
A5: =+Equipos!B2 -> México | D5: =IF(OR(AC5="",AD5=""),"Pendiente",IF(AC5>AD5,"Local",IF(AC5<AD5,"Visitante","Empate"))) -> Local | E5: =IF(D5="Pendiente","-",INDEX($BT$6:$BT$53,MATCH($AA5,$BD$6:$BD$53,0))) -> - | F5: =IF(D5="Pendiente","-",INDEX($BT$6:$BT$53,MATCH($AF5,$BD$6:$BD$53,0))) -> P.3 (2) | H5: =IF(D5="Pendiente","-",INDEX($BZ$6:$BZ$53,MATCH($AA5,$BD$6:$BD$53,0))) -> - | I5: =IF(D5="Pendiente","-",INDEX($BZ$6:$BZ$53,MATCH($AF5,$BD$6:$BD$53,0))) -> P.3 (2) | K5: =IF(D5="Pendiente","-",INDEX($CE$6:$CE$53,MATCH($AA5,$BD$6:$BD$53,0))) -> - | L5: =IF(D5="Pendiente","-",INDEX($CE$6:$CE$53,MATCH($AF5,$BD$6:$BD$53,0))) -> P.3 (2) | N5: =IF(D5="Pendiente","-",INDEX($CH$6:$CH$53,MATCH($AA5,$BD$6:$BD$53,0))) -> - | O5: =IF(D5="Pendiente","-",INDEX($CH$6:$CH$53,MATCH($AF5,$BD$6:$BD$53,0))) -> P.3 (2) | Q5: =IF(D5="Pendiente","-",INDEX($CN$6:$CN$53,MATCH($AA5,$BD$6:$BD$53,0))) -> - | R5: =IF(D5="Pendiente","-",INDEX($CN$6:$CN$53,MATCH($AF5,$BD$6:$BD$53,0))) -> P.3 (2) | T5: =IF(D5="Pendiente","-",INDEX($CS$6:$CS$53,MATCH($AA5,$BD$6:$BD$53,0))) -> - | U5: =IF(D5="Pendiente","-",INDEX($CS$6:$CS$53,MATCH($AF5,$BD$6:$BD$53,0))) -> P.3 (2) | X5: =Horarios!C5 -> 46185.167 | Y5: =Horarios!C5 -> 46185.167 | Z5: =$Z$4 -> J1 | AA5: =A7 -> Corea del Sur | AB5: {=Ver_flag_local} -> #VALUE! | AC5: 2 | AD5: 1 | AE5: {=Ver_flag_visit} -> #VALUE! | AF5: =A8 -> República Checa | AG5: =IF(NOT(OR(ISBLANK(AC5),ISBLANK(AD5))),1,0) -> 1 | AH5: 2 | AJ5: =Idiomas!D53 -> Pos | AL5: =Idiomas!D54 -> Selección | AM5: =Idiomas!D55 -> Pts | AN5: =Idiomas!D56 -> J | AO5: =Idiomas!D57 -> G | AP5: =Idiomas!D58 -> E | AQ5: =Idiomas!D59 -> P | AR5: =Idiomas!D60 -> GF | AS5: =Idiomas!D61 -> GC | AT5: =Idiomas!D62 -> DG | AU5: =COUNTIF(AU6:AU9,">1") -> 0 | AY5: =AL5 -> Selección | AZ5: =+Idiomas!$D$69 -> Puntos penalizados | BC5: =Idiomas!D22 -> Grupo | BD5: =Idiomas!D54 -> Selección | BE5: =+AM5 -> Pts | BF5: =+AN5 -> J | BG5: =+AO5 -> G | BH5: =+AP5 -> E | BI5: =+AQ5 -> P | BJ5: =+AR5 -> GF | BK5: =+AS5 -> GC | BL5: =+AT5 -> DG | BM5: PosF1 | BN5: PosF3 | BO5: Participa | BP5: Pos0 | BQ5: Empate0 | BR5: PTS | BS5: Posicion1 | BT5: Empate1 | BU5: PGPart1 | BV5: PEPart1 | BW5: PPPart1 | BX5: PTSPart1 | BY5: Posicion2 | BZ5: Empate2 | CA5: GFPart1 | CB5: GCPart1 | CC5: DGPArt1 | CD5: Posicion3 | CE5: Empate3 | CF5: GFPart1 | CG5: Posicion4 | CH5: Empate4 | CI5: PGPart2 | CJ5: PEPart2 | CK5: PPPart2 | CL5: PTSPart2 | CM5: Posicion5 | CN5: Empate5 | CO5: GFPart2 | CP5: GCPart2 | CQ5: DGPArt2 | CR5: Posicion6 | CS5: Empate6 | CT5: GFPart2 | CU5: Posicion7 | CV5: Empate7 | CW5: DG | CX5: Posicion8 | CY5: Empate8 | CZ5: GF | DA5: Posicion9 | DB5: Empate9 | DC5: OrdenAlfa/Bombo | DD5: PosicionF1 | DF5: PosicionF2 | DG5: Criterio/Fila | DH5: PosicionF3 | DJ5: POS | DK5: Numero Partidos disputados grupo | DL5: CANT | DM5: CONCAT | DN5: DESEMPATE EN SELECTOR | DP5: POSGRUPO | DQ5: PAIS | DT5: =AA5&"-"&AF5 -> Corea del Sur-República Checa
A6: =+Equipos!B3 -> Sudáfrica | D6: =IF(OR(AC6="",AD6=""),"Pendiente",IF(AC6>AD6,"Local",IF(AC6<AD6,"Visitante","Empate"))) -> Empate | E6: =IF(D6="Pendiente","-",INDEX($BT$6:$BT$53,MATCH($AA6,$BD$6:$BD$53,0))) -> P.3 (2) | F6: =IF(D6="Pendiente","-",INDEX($BT$6:$BT$53,MATCH($AF6,$BD$6:$BD$53,0))) -> P.3 (2) | H6: =IF(D6="Pendiente","-",INDEX($BZ$6:$BZ$53,MATCH($AA6,$BD$6:$BD$53,0))) -> P.3 (2) | I6: =IF(D6="Pendiente","-",INDEX($BZ$6:$BZ$53,MATCH($AF6,$BD$6:$BD$53,0))) -> P.3 (2) | K6: =IF(D6="Pendiente","-",INDEX($CE$6:$CE$53,MATCH($AA6,$BD$6:$BD$53,0))) -> P.3 (2) | L6: =IF(D6="Pendiente","-",INDEX($CE$6:$CE$53,MATCH($AF6,$BD$6:$BD$53,0))) -> P.3 (2) | N6: =IF(D6="Pendiente","-",INDEX($CH$6:$CH$53,MATCH($AA6,$BD$6:$BD$53,0))) -> P.3 (2) | O6: =IF(D6="Pendiente","-",INDEX($CH$6:$CH$53,MATCH($AF6,$BD$6:$BD$53,0))) -> P.3 (2) | Q6: =IF(D6="Pendiente","-",INDEX($CN$6:$CN$53,MATCH($AA6,$BD$6:$BD$53,0))) -> P.3 (2) | R6: =IF(D6="Pendiente","-",INDEX($CN$6:$CN$53,MATCH($AF6,$BD$6:$BD$53,0))) -> P.3 (2) | T6: =IF(D6="Pendiente","-",INDEX($CS$6:$CS$53,MATCH($AA6,$BD$6:$BD$53,0))) -> P.3 (2) | U6: =IF(D6="Pendiente","-",INDEX($CS$6:$CS$53,MATCH($AF6,$BD$6:$BD$53,0))) -> P.3 (2) | X6: =Horarios!C6 -> 46191.75 | Y6: =Horarios!C6 -> 46191.75 | Z6: =Idiomas!D64 -> J2 | AA6: =A8 -> República Checa | AB6: {=Ver_flag_local} -> #VALUE! | AC6: 1 | AD6: 1 | AE6: {=Ver_flag_visit} -> #VALUE! | AF6: =A6 -> Sudáfrica | AG6: =IF(NOT(OR(ISBLANK(AC6),ISBLANK(AD6))),1,0) -> 1 | AH6: 25 | AI6: =AJ6&$B$4 -> 1A | AJ6: 1 | AK6: {=Ver_flag_visit} -> #VALUE! | AL6: =IFERROR(INDEX($BD$6:$BD$53,MATCH(AI6,$BN$6:$BN$53,0)),"") -> México | AM6: =INDEX($BE$6:$BN$53,MATCH($AL6,$BD$6:$BD$53,0),MATCH(AM$5,$BE$5:$BN$5,0)) -> 6 | AN6: =INDEX($BE$6:$BN$53,MATCH($AL6,$BD$6:$BD$53,0),MATCH(AN$5,$BE$5:$BN$5,0)) -> 2 | AO6: =INDEX($BE$6:$BN$53,MATCH($AL6,$BD$6:$BD$53,0),MATCH(AO$5,$BE$5:$BN$5,0)) -> 2 | AP6: =INDEX($BE$6:$BN$53,MATCH($AL6,$BD$6:$BD$53,0),MATCH(AP$5,$BE$5:$BN$5,0)) -> 0 | AQ6: =INDEX($BE$6:$BN$53,MATCH($AL6,$BD$6:$BD$53,0),MATCH(AQ$5,$BE$5:$BN$5,0)) -> 0 | AR6: =INDEX($BE$6:$BN$53,MATCH($AL6,$BD$6:$BD$53,0),MATCH(AR$5,$BE$5:$BN$5,0)) -> 3 | AS6: =INDEX($BE$6:$BN$53,MATCH($AL6,$BD$6:$BD$53,0),MATCH(AS$5,$BE$5:$BN$5,0)) -> 0 | AT6: =INDEX($BE$6:$BN$53,MATCH($AL6,$BD$6:$BD$53,0),MATCH(AT$5,$BE$5:$BN$5,0)) -> 3 | AU6: =INDEX($DL$6:$DL$53,MATCH(AI6,$DP$6:$DP$53,0)) -> 1 | AV6: =INDEX($BD$6:$BD$53,MATCH(AI6,$BM$6:$BM$53,0)) -> México | AY6: =+A5 -> México | BC6: =+INDEX(T_Equipos[Grupo],MATCH(WORLDCUP!BD6,T_Equipos[NombreEquipo],0)) -> A | BD6: =+Equipos!B2 -> México | BE6: =+BG6*3+BH6+IF($AZ$3="no",0,INDEX($AZ$6:$AZ$97,MATCH(BD6,$AY$6:$AY$97,0))) -> 6 | BF6: =+BG6+BH6+BI6 -> 2 | BG6: =+COUNTIFS(FGLocal,BD6,Ganador,"Local")+COUNTIFS(FGVisitante,BD6,Ganador,"Visitante") -> 2 | BH6: =+COUNTIFS(FGLocal,BD6,Ganador,"Empate")+COUNTIFS(FGVisitante,BD6,Ganador,"Empate") -> 0 | BI6: =+COUNTIFS(FGVisitante,BD6,Ganador,"Local")+COUNTIFS(FGLocal,BD6,Ganador,"Visitante") -> 0 | BJ6: =+SUMIFS(FG_GolesLocal,FGLocal,BD6,Ganador,"<>"&"Pendiente",FG_GolesLocal,"<>"&"",FG_GolesVisitante,"<>"&"")+SUMIFS(FG_GolesVisitante,FGVisitante,BD6,Ganador,"<>"&"Pendiente",FG_GolesLocal,"<>"&"",FG_GolesVisitante,"<>"&"") -> 3 | BK6: =+SUMIFS(FG_GolesLocal,FGVisitante,BD6,Ganador,"<>"&"Pendiente",FG_GolesLocal,"<>"&"",FG_GolesVisitante,"<>"&"")+SUMIFS(FG_GolesVisitante,FGLocal,BD6,Ganador,"<>"&"Pendiente",FG_GolesLocal,"<>"&"",FG_GolesVisitante,"<>"&"") -> 0 | BL6: =+BJ6-BK6 -> 3 | BM6: =DD6&BC6 -> 1A | BN6: =DH6&BC6 -> 1A | BO6: =IF(AND($AJ$99=144,BF6>=1),1,0) -> 0 | BP6: =COUNTIFS($BO$6:$BO$53,">"&BO6,$BC$6:$BC$53,INDEX(T_Equipos[Grupo],MATCH(BD6,T_Equipos[NombreEquipo],0)))+1 -> 1 | BQ6: =IF(COUNTIFS($BP$6:$BP$53,BP6,$BC$6:$BC$53,INDEX(T_Equipos[Grupo],MATCH(BD6,T_Equipos[NombreEquipo],0)))=1,"-","P."&BP6&" ("&COUNTIFS($BP$6:$BP$53,BP6,$BC$6:$BC$53,INDEX(T_Equipos[Grupo],MATCH(BD6,T_Equipos[NombreEquipo],0)))&")") -> P.1 (4) | BR6: =IF($BQ6="-","-",BE6) -> 6 | BS6: =BP6+COUNTIFS($BQ$6:$BQ$53,BQ6,$BR$6:BR$53,">"&BR6,$BC$6:$BC$53,INDEX(T_Equipos[Grupo],MATCH(BD6,T_Equipos[NombreEquipo],0))) -> 1 | BT6: =IF(COUNTIFS($BS$6:$BS$53,BS6,$BC$6:$BC$53,INDEX(T_Equipos[Grupo],MATCH(BD6,T_Equipos[NombreEquipo],0)))=1,"-","P."&BS6&" ("&COUNTIFS($BS$6:$BS$53,BS6,$BC$6:$BC$53,INDEX(T_Equipos[Grupo],MATCH(BD6,T_Equipos[NombreEquipo],0)))&")") -> - | BU6: =IF($BT6="-","-",COUNTIFS(FGLocal,$BD6,Ganador,"Local",Part1Empate1V,$BT6)+COUNTIFS(FGVisitante,$BD6,Ganador,"Visitante",Part1Empate1L,$BT6)) -> - | BV6: =IF($BT6="-","-",COUNTIFS(FGLocal,$BD6,Ganador,"Empate",Part1Empate1V,$BT6)+COUNTIFS(FGVisitante,$BD6,Ganador,"Empate",Part1Empate1L,$BT6)) -> - | BW6: =IF($BT6="-","-",COUNTIFS(FGLocal,$BD6,Ganador,"Visitante",Part1Empate1V,$BT6)+COUNTIFS(FGVisitante,$BD6,Ganador,"Local",Part1Empate1L,$BT6)) -> - | BX6: =IF($BT6="-","-",BU6*3+BV6) -> - | BY6: =BS6+COUNTIFS($BT$6:$BT$53,BT6,$BX$6:BX$53,">"&BX6,$BC$6:$BC$53,INDEX(T_Equipos[Grupo],MATCH(BD6,T_Equipos[NombreEquipo],0))) -> 1 | BZ6: =IF(COUNTIFS($BY$6:$BY$53,BY6,$BC$6:$BC$53,INDEX(T_Equipos[Grupo],MATCH(BD6,T_Equipos[NombreEquipo],0)))=1,"-","P."&BY6&" ("&COUNTIFS($BY$6:$BY$53,BY6,$BC$6:$BC$53,INDEX(T_Equipos[Grupo],MATCH(BD6,T_Equipos[NombreEquipo],0)))&")") -> - | CA6: =IF($BZ6="-","-",SUMIFS(FG_GolesLocal,FGLocal,$BD6,Part1Empate2V,$BZ6)+SUMIFS(FG_GolesVisitante,FGVisitante,$BD6,Part1Empate2L,$BZ6)) -> - | CB6: =IF($BZ6="-","-",SUMIFS(FG_GolesVisitante,FGLocal,$BD6,Part1Empate2V,$BZ6)+SUMIFS(FG_GolesLocal,FGVisitante,$BD6,Part1Empate2L,$BZ6)) -> - | CC6: =IF($BZ6="-","-",CA6-CB6) -> - | CD6: =BY6+COUNTIFS($BZ$6:$BZ$53,BZ6,$CC$6:CC$53,">"&CC6,$BC$6:$BC$53,INDEX(T_Equipos[Grupo],MATCH(BD6,T_Equipos[NombreEquipo],0))) -> 1 | CE6: =IF(COUNTIFS($CD$6:$CD$53,CD6,$BC$6:$BC$53,INDEX(T_Equipos[Grupo],MATCH(BD6,T_Equipos[NombreEquipo],0)))=1,"-","P."&CD6&" ("&COUNTIFS($CD$6:$CD$53,CD6,$BC$6:$BC$53,INDEX(T_Equipos[Grupo],MATCH(BD6,T_Equipos[NombreEquipo],0)))&")") -> - | CF6: =IF($CE6="-","-",SUMIFS(FG_GolesLocal,FGLocal,$BD6,Part1Empate3V,$CE6)+SUMIFS(FG_GolesVisitante,FGVisitante,$BD6,Part1Empate3L,$CE6)) -> - | CG6: =CD6+COUNTIFS($CE$6:$CE$53,CE6,$CF$6:CF$53,">"&CF6,$BC$6:$BC$53,INDEX(T_Equipos[Grupo],MATCH(BD6,T_Equipos[NombreEquipo],0))) -> 1 | CH6: =IF(COUNTIFS($CG$6:$CG$53,CG6,$BC$6:$BC$53,INDEX(T_Equipos[Grupo],MATCH(BD6,T_Equipos[NombreEquipo],0)))=1,"-","P."&CG6&" ("&COUNTIFS($CG$6:$CG$53,CG6,$BC$6:$BC$53,INDEX(T_Equipos[Grupo],MATCH(BD6,T_Equipos[NombreEquipo],0)))&")") -> - | CI6: =IF($CH6="-","-",COUNTIFS(FGLocal,$BD6,Ganador,"Local",Part2Empate4V,$CH6)+COUNTIFS(FGVisitante,$BD6,Ganador,"Visitante",Part2Empate4L,$CH6)) -> - | CJ6: =IF($CH6="-","-",COUNTIFS(FGLocal,$BD6,Ganador,"Empate",Part2Empate4V,$CH6)+COUNTIFS(FGVisitante,$BD6,Ganador,"Empate",Part2Empate4L,$CH6)) -> - | CK6: =IF($CH6="-","-",COUNTIFS(FGLocal,$BD6,Ganador,"Visitante",Part2Empate4V,$CH6)+COUNTIFS(FGVisitante,$BD6,Ganador,"Local",Part2Empate4L,$CH6)) -> - | CL6: =IF($CH6="-","-",CI6*3+CJ6) -> - | CM6: =CG6+COUNTIFS($CH$6:$CH$53,CH6,$CL$6:CL$53,">"&CL6,$BC$6:$BC$53,INDEX(T_Equipos[Grupo],MATCH(BD6,T_Equipos[NombreEquipo],0))) -> 1 | CN6: =IF(COUNTIFS($CM$6:$CM$53,CM6,$BC$6:$BC$53,INDEX(T_Equipos[Grupo],MATCH(BD6,T_Equipos[NombreEquipo],0)))=1,"-","P."&CM6&" ("&COUNTIFS($CM$6:$CM$53,CM6,$BC$6:$BC$53,INDEX(T_Equipos[Grupo],MATCH(BD6,T_Equipos[NombreEquipo],0)))&")") -> - | CO6: =IF($CN6="-","-",SUMIFS(FG_GolesLocal,FGLocal,$BD6,Part2Empate5V,$CN6)+SUMIFS(FG_GolesVisitante,FGVisitante,$BD6,Part2Empate5L,$CN6)) -> - | CP6: =IF($CN6="-","-",SUMIFS(FG_GolesVisitante,FGLocal,$BD6,Part2Empate5V,$CN6)+SUMIFS(FG_GolesLocal,FGVisitante,$BD6,Part2Empate5L,$CN6)) -> - | CQ6: =IF($CN6="-","-",CO6-CP6) -> - | CR6: =CM6+COUNTIFS($CN$6:$CN$53,CN6,$CQ$6:CQ$53,">"&CQ6,$BC$6:$BC$53,INDEX(T_Equipos[Grupo],MATCH(BD6,T_Equipos[NombreEquipo],0))) -> 1 | CS6: =IF(COUNTIFS($CR$6:$CR$53,CR6,$BC$6:$BC$53,INDEX(T_Equipos[Grupo],MATCH(BD6,T_Equipos[NombreEquipo],0)))=1,"-","P."&CR6&" ("&COUNTIFS($CR$6:$CR$53,CR6,$BC$6:$BC$53,INDEX(T_Equipos[Grupo],MATCH(BD6,T_Equipos[NombreEquipo],0)))&")") -> - | CT6: =IF($CS6="-","-",SUMIFS(FG_GolesLocal,FGLocal,$BD6,Part2Empate6V,$CS6)+SUMIFS(FG_GolesVisitante,FGVisitante,$BD6,Part2Empate6L,$CS6)) -> - | CU6: =CR6+COUNTIFS($CS$6:$CS$53,CS6,$CT$6:CT$53,">"&CT6,$BC$6:$BC$53,INDEX(T_Equipos[Grupo],MATCH(BD6,T_Equipos[NombreEquipo],0))) -> 1 | CV6: =IF(COUNTIFS($CU$6:$CU$53,CU6,$BC$6:$BC$53,INDEX(T_Equipos[Grupo],MATCH(BD6,T_Equipos[NombreEquipo],0)))=1,"-","P."&CU6&" ("&COUNTIFS($CU$6:$CU$53,CU6,$BC$6:$BC$53,INDEX(T_Equipos[Grupo],MATCH(BD6,T_Equipos[NombreEquipo],0)))&")") -> - | CW6: =IF(CV6="-","-",BL6) -> - | CX6: =CU6+COUNTIFS($CV$6:$CV$53,CV6,$CW$6:CW$53,">"&CW6,$BC$6:$BC$53,INDEX(T_Equipos[Grupo],MATCH(BD6,T_Equipos[NombreEquipo],0))) -> 1 | CY6: =IF(COUNTIFS($CX$6:$CX$53,CX6,$BC$6:$BC$53,INDEX(T_Equipos[Grupo],MATCH(BD6,T_Equipos[NombreEquipo],0)))=1,"-","P."&CX6&" ("&COUNTIFS($CX$6:$CX$53,CX6,$BC$6:$BC$53,INDEX(T_Equipos[Grupo],MATCH(BD6,T_Equipos[NombreEquipo],0)))&")") -> - | CZ6: =IF(CY6="-","-",BJ6) -> - | DA6: =CX6+COUNTIFS($CY$6:$CY$53,CY6,$CZ$6:CZ$53,">"&CZ6,$BC$6:$BC$53,INDEX(T_Equipos[Grupo],MATCH(BD6,T_Equipos[NombreEquipo],0))) -> 1 | DB6: =IF(COUNTIFS($DA$6:$DA$53,DA6,$BC$6:$BC$53,INDEX(T_Equipos[Grupo],MATCH(BD6,T_Equipos[NombreEquipo],0)))=1,"-","P."&DA6&" ("&COUNTIFS($DA$6:$DA$53,DA6,$BC$6:$BC$53,INDEX(T_Equipos[Grupo],MATCH(BD6,T_Equipos[NombreEquipo],0)))&")") -> - | DC6: =IF(DB6="-","-",COUNTIFS(T_Equipos[Rank],"<"&INDEX(T_Equipos[Rank],MATCH(BD6,T_Equipos[NombreEquipo],0)),$BC$6:$BC$53,INDEX(T_Equipos[Grupo],MATCH(BD6,T_Equipos[NombreEquipo],0)))+1) -> - | DD6: =DA6+COUNTIFS($DB$6:$DB$53,DB6,$DC$6:DC$53,"<"&DC6,$BC$6:$BC$53,INDEX(T_Equipos[Grupo],MATCH(BD6,T_Equipos[NombreEquipo],0))) -> 1 | DF6: =IF(OR(INDEX($AW$6:$AW$97,MATCH($BD6,$AV$6:$AV$97,0))="",DB6="-"),DD6,INDEX($AW$6:$AW$97,MATCH($BD6,$AV$6:$AV$97,0))+DD6/1000) -> 1 | DG6: =IF(DB6="-","-",COUNTIFS(DF$6:DF$53,"<"&DF6,$BC$6:$BC$53,INDEX(T_Equipos[Grupo],MATCH(BD6,T_Equipos[NombreEquipo],0)))) -> - | DH6: =DA6+COUNTIFS(DB$6:DB$53,DB6,DG$6:DG$53,"<"&DG6,$BC$6:$BC$53,INDEX(T_Equipos[Grupo],MATCH(BD6,T_Equipos[NombreEquipo],0))) -> 1 | DJ6: =INDEX($DA$6:$DA$53,MATCH($DQ6,$BD$6:$BD$53,0)) -> 1 | DK6: =+SUMIF($BC$6:$BC$53,BC6,$BF$6:$BF$53) -> 8 | DL6: =IF(OR(DK6=12,$AJ$99=144),COUNTIFS($DJ$6:$DJ$53,DJ6,$BC$6:$BC$53,BC6),1) -> 1 | DM6: =DJ6&"."&DL6 -> 1.1 | DN6: {=OFFSET(Horarios!$P$3,DJ6-1,0,DL6,1)} -> 1 | DP6: 1A | DQ6: =INDEX($BD$6:$BD$53,MATCH(DP6,$BM$6:$BM$53,0)) -> México | DT6: =AA6&"-"&AF6 -> República Checa-Sudáfrica
A7: =+Equipos!B4 -> Corea del Sur | D7: =IF(OR(AC7="",AD7=""),"Pendiente",IF(AC7>AD7,"Local",IF(AC7<AD7,"Visitante","Empate"))) -> Local | E7: =IF(D7="Pendiente","-",INDEX($BT$6:$BT$53,MATCH($AA7,$BD$6:$BD$53,0))) -> - | F7: =IF(D7="Pendiente","-",INDEX($BT$6:$BT$53,MATCH($AF7,$BD$6:$BD$53,0))) -> - | H7: =IF(D7="Pendiente","-",INDEX($BZ$6:$BZ$53,MATCH($AA7,$BD$6:$BD$53,0))) -> - | I7: =IF(D7="Pendiente","-",INDEX($BZ$6:$BZ$53,MATCH($AF7,$BD$6:$BD$53,0))) -> - | K7: =IF(D7="Pendiente","-",INDEX($CE$6:$CE$53,MATCH($AA7,$BD$6:$BD$53,0))) -> - | L7: =IF(D7="Pendiente","-",INDEX($CE$6:$CE$53,MATCH($AF7,$BD$6:$BD$53,0))) -> - | N7: =IF(D7="Pendiente","-",INDEX($CH$6:$CH$53,MATCH($AA7,$BD$6:$BD$53,0))) -> - | O7: =IF(D7="Pendiente","-",INDEX($CH$6:$CH$53,MATCH($AF7,$BD$6:$BD$53,0))) -> - | Q7: =IF(D7="Pendiente","-",INDEX($CN$6:$CN$53,MATCH($AA7,$BD$6:$BD$53,0))) -> - | R7: =IF(D7="Pendiente","-",INDEX($CN$6:$CN$53,MATCH($AF7,$BD$6:$BD$53,0))) -> - | T7: =IF(D7="Pendiente","-",INDEX($CS$6:$CS$53,MATCH($AA7,$BD$6:$BD$53,0))) -> - | U7: =IF(D7="Pendiente","-",INDEX($CS$6:$CS$53,MATCH($AF7,$BD$6:$BD$53,0))) -> - | X7: =Horarios!C7 -> 46192.125 | Y7: =Horarios!C7 -> 46192.125 | Z7: =$Z$6 -> J2 | AA7: =A5 -> México | AB7: {=Ver_flag_local} -> #VALUE! | AC7: 1 | AD7: 0 | AE7: {=Ver_flag_visit} -> #VALUE! | AF7: =A7 -> Corea del Sur | AG7: =IF(NOT(OR(ISBLANK(AC7),ISBLANK(AD7))),1,0) -> 1 | AH7: 28 | AI7: =AJ7&$B$4 -> 2A | AJ7: 2 | AK7: {=Ver_flag_visit} -> #VALUE! | AL7: =IFERROR(INDEX($BD$6:$BD$53,MATCH(AI7,$BN$6:$BN$53,0)),"") -> Corea del Sur | AM7: =INDEX($BE$6:$BN$53,MATCH($AL7,$BD$6:$BD$53,0),MATCH(AM$5,$BE$5:$BN$5,0)) -> 3 | AN7: =INDEX($BE$6:$BN$53,MATCH($AL7,$BD$6:$BD$53,0),MATCH(AN$5,$BE$5:$BN$5,0)) -> 2 | AO7: =INDEX($BE$6:$BN$53,MATCH($AL7,$BD$6:$BD$53,0),MATCH(AO$5,$BE$5:$BN$5,0)) -> 1 | AP7: =INDEX($BE$6:$BN$53,MATCH($AL7,$BD$6:$BD$53,0),MATCH(AP$5,$BE$5:$BN$5,0)) -> 0 | AQ7: =INDEX($BE$6:$BN$53,MATCH($AL7,$BD$6:$BD$53,0),MATCH(AQ$5,$BE$5:$BN$5,0)) -> 1 | AR7: =INDEX($BE$6:$BN$53,MATCH($AL7,$BD$6:$BD$53,0),MATCH(AR$5,$BE$5:$BN$5,0)) -> 2 | AS7: =INDEX($BE$6:$BN$53,MATCH($AL7,$BD$6:$BD$53,0),MATCH(AS$5,$BE$5:$BN$5,0)) -> 2 | AT7: =INDEX($BE$6:$BN$53,MATCH($AL7,$BD$6:$BD$53,0),MATCH(AT$5,$BE$5:$BN$5,0)) -> 0 | AU7: =INDEX($DL$6:$DL$53,MATCH(AI7,$DP$6:$DP$53,0)) -> 1 | AV7: =INDEX($BD$6:$BD$53,MATCH(AI7,$BM$6:$BM$53,0)) -> Corea del Sur | AY7: =+A6 -> Sudáfrica | BC7: =+INDEX(T_Equipos[Grupo],MATCH(WORLDCUP!BD7,T_Equipos[NombreEquipo],0)) -> A | BD7: =+Equipos!B3 -> Sudáfrica | BE7: =+BG7*3+BH7+IF($AZ$3="no",0,INDEX($AZ$6:$AZ$97,MATCH(BD7,$AY$6:$AY$97,0))) -> 1 | BF7: =+BG7+BH7+BI7 -> 2 | BG7: =+COUNTIFS(FGLocal,BD7,Ganador,"Local")+COUNTIFS(FGVisitante,BD7,Ganador,"Visitante") -> 0 | BH7: =+COUNTIFS(FGLocal,BD7,Ganador,"Empate")+COUNTIFS(FGVisitante,BD7,Ganador,"Empate") -> 1 | BI7: =+COUNTIFS(FGVisitante,BD7,Ganador,"Local")+COUNTIFS(FGLocal,BD7,Ganador,"Visitante") -> 1 | BJ7: =+SUMIFS(FG_GolesLocal,FGLocal,BD7,Ganador,"<>"&"Pendiente",FG_GolesLocal,"<>"&"",FG_GolesVisitante,"<>"&"")+SUMIFS(FG_GolesVisitante,FGVisitante,BD7,Ganador,"<>"&"Pendiente",FG_GolesLocal,"<>"&"",FG_GolesVisitante,"<>"&"") -> 1 | BK7: =+SUMIFS(FG_GolesLocal,FGVisitante,BD7,Ganador,"<>"&"Pendiente",FG_GolesLocal,"<>"&"",FG_GolesVisitante,"<>"&"")+SUMIFS(FG_GolesVisitante,FGLocal,BD7,Ganador,"<>"&"Pendiente",FG_GolesLocal,"<>"&"",FG_GolesVisitante,"<>"&"") -> 3 | BL7: =+BJ7-BK7 -> -2 | BM7: =DD7&BC7 -> 4A | BN7: =DH7&BC7 -> 4A | BO7: =IF(AND($AJ$99=144,BF7>=1),1,0) -> 0 | BP7: =COUNTIFS($BO$6:$BO$53,">"&BO7,$BC$6:$BC$53,INDEX(T_Equipos[Grupo],MATCH(BD7,T_Equipos[NombreEquipo],0)))+1 -> 1 | BQ7: =IF(COUNTIFS($BP$6:$BP$53,BP7,$BC$6:$BC$53,INDEX(T_Equipos[Grupo],MATCH(BD7,T_Equipos[NombreEquipo],0)))=1,"-","P."&BP7&" ("&COUNTIFS($BP$6:$BP$53,BP7,$BC$6:$BC$53,INDEX(T_Equipos[Grupo],MATCH(BD7,T_Equipos[NombreEquipo],0)))&")") -> P.1 (4) | BR7: =IF($BQ7="-","-",BE7) -> 1 | BS7: =BP7+COUNTIFS($BQ$6:$BQ$53,BQ7,$BR$6:BR$53,">"&BR7,$BC$6:$BC$53,INDEX(T_Equipos[Grupo],MATCH(BD7,T_Equipos[NombreEquipo],0))) -> 3 | BT7: =IF(COUNTIFS($BS$6:$BS$53,BS7,$BC$6:$BC$53,INDEX(T_Equipos[Grupo],MATCH(BD7,T_Equipos[NombreEquipo],0)))=1,"-","P."&BS7&" ("&COUNTIFS($BS$6:$BS$53,BS7,$BC$6:$BC$53,INDEX(T_Equipos[Grupo],MATCH(BD7,T_Equipos[NombreEquipo],0)))&")") -> P.3 (2) | BU7: =IF($BT7="-","-",COUNTIFS(FGLocal,$BD7,Ganador,"Local",Part1Empate1V,$BT7)+COUNTIFS(FGVisitante,$BD7,Ganador,"Visitante",Part1Empate1L,$BT7)) -> 0 | BV7: =IF($BT7="-","-",COUNTIFS(FGLocal,$BD7,Ganador,"Empate",Part1Empate1V,$BT7)+COUNTIFS(FGVisitante,$BD7,Ganador,"Empate",Part1Empate1L,$BT7)) -> 1 | BW7: =IF($BT7="-","-",COUNTIFS(FGLocal,$BD7,Ganador,"Visitante",Part1Empate1V,$BT7)+COUNTIFS(FGVisitante,$BD7,Ganador,"Local",Part1Empate1L,$BT7)) -> 0 | BX7: =IF($BT7="-","-",BU7*3+BV7) -> 1 | BY7: =BS7+COUNTIFS($BT$6:$BT$53,BT7,$BX$6:BX$53,">"&BX7,$BC$6:$BC$53,INDEX(T_Equipos[Grupo],MATCH(BD7,T_Equipos[NombreEquipo],0))) -> 3 | BZ7: =IF(COUNTIFS($BY$6:$BY$53,BY7,$BC$6:$BC$53,INDEX(T_Equipos[Grupo],MATCH(BD7,T_Equipos[NombreEquipo],0)))=1,"-","P."&BY7&" ("&COUNTIFS($BY$6:$BY$53,BY7,$BC$6:$BC$53,INDEX(T_Equipos[Grupo],MATCH(BD7,T_Equipos[NombreEquipo],0)))&")") -> P.3 (2) | CA7: =IF($BZ7="-","-",SUMIFS(FG_GolesLocal,FGLocal,$BD7,Part1Empate2V,$BZ7)+SUMIFS(FG_GolesVisitante,FGVisitante,$BD7,Part1Empate2L,$BZ7)) -> 1 | CB7: =IF($BZ7="-","-",SUMIFS(FG_GolesVisitante,FGLocal,$BD7,Part1Empate2V,$BZ7)+SUMIFS(FG_GolesLocal,FGVisitante,$BD7,Part1Empate2L,$BZ7)) -> 1 | CC7: =IF($BZ7="-","-",CA7-CB7) -> 0 | CD7: =BY7+COUNTIFS($BZ$6:$BZ$53,BZ7,$CC$6:CC$53,">"&CC7,$BC$6:$BC$53,INDEX(T_Equipos[Grupo],MATCH(BD7,T_Equipos[NombreEquipo],0))) -> 3 | CE7: =IF(COUNTIFS($CD$6:$CD$53,CD7,$BC$6:$BC$53,INDEX(T_Equipos[Grupo],MATCH(BD7,T_Equipos[NombreEquipo],0)))=1,"-","P."&CD7&" ("&COUNTIFS($CD$6:$CD$53,CD7,$BC$6:$BC$53,INDEX(T_Equipos[Grupo],MATCH(BD7,T_Equipos[NombreEquipo],0)))&")") -> P.3 (2) | CF7: =IF($CE7="-","-",SUMIFS(FG_GolesLocal,FGLocal,$BD7,Part1Empate3V,$CE7)+SUMIFS(FG_GolesVisitante,FGVisitante,$BD7,Part1Empate3L,$CE7)) -> 1 | CG7: =CD7+COUNTIFS($CE$6:$CE$53,CE7,$CF$6:CF$53,">"&CF7,$BC$6:$BC$53,INDEX(T_Equipos[Grupo],MATCH(BD7,T_Equipos[NombreEquipo],0))) -> 3 | CH7: =IF(COUNTIFS($CG$6:$CG$53,CG7,$BC$6:$BC$53,INDEX(T_Equipos[Grupo],MATCH(BD7,T_Equipos[NombreEquipo],0)))=1,"-","P."&CG7&" ("&COUNTIFS($CG$6:$CG$53,CG7,$BC$6:$BC$53,INDEX(T_Equipos[Grupo],MATCH(BD7,T_Equipos[NombreEquipo],0)))&")") -> P.3 (2) | CI7: =IF($CH7="-","-",COUNTIFS(FGLocal,$BD7,Ganador,"Local",Part2Empate4V,$CH7)+COUNTIFS(FGVisitante,$BD7,Ganador,"Visitante",Part2Empate4L,$CH7)) -> 0 | CJ7: =IF($CH7="-","-",COUNTIFS(FGLocal,$BD7,Ganador,"Empate",Part2Empate4V,$CH7)+COUNTIFS(FGVisitante,$BD7,Ganador,"Empate",Part2Empate4L,$CH7)) -> 1 | CK7: =IF($CH7="-","-",COUNTIFS(FGLocal,$BD7,Ganador,"Visitante",Part2Empate4V,$CH7)+COUNTIFS(FGVisitante,$BD7,Ganador,"Local",Part2Empate4L,$CH7)) -> 0 | CL7: =IF($CH7="-","-",CI7*3+CJ7) -> 1 | CM7: =CG7+COUNTIFS($CH$6:$CH$53,CH7,$CL$6:CL$53,">"&CL7,$BC$6:$BC$53,INDEX(T_Equipos[Grupo],MATCH(BD7,T_Equipos[NombreEquipo],0))) -> 3 | CN7: =IF(COUNTIFS($CM$6:$CM$53,CM7,$BC$6:$BC$53,INDEX(T_Equipos[Grupo],MATCH(BD7,T_Equipos[NombreEquipo],0)))=1,"-","P."&CM7&" ("&COUNTIFS($CM$6:$CM$53,CM7,$BC$6:$BC$53,INDEX(T_Equipos[Grupo],MATCH(BD7,T_Equipos[NombreEquipo],0)))&")") -> P.3 (2) | CO7: =IF($CN7="-","-",SUMIFS(FG_GolesLocal,FGLocal,$BD7,Part2Empate5V,$CN7)+SUMIFS(FG_GolesVisitante,FGVisitante,$BD7,Part2Empate5L,$CN7)) -> 1 | CP7: =IF($CN7="-","-",SUMIFS(FG_GolesVisitante,FGLocal,$BD7,Part2Empate5V,$CN7)+SUMIFS(FG_GolesLocal,FGVisitante,$BD7,Part2Empate5L,$CN7)) -> 1 | CQ7: =IF($CN7="-","-",CO7-CP7) -> 0 | CR7: =CM7+COUNTIFS($CN$6:$CN$53,CN7,$CQ$6:CQ$53,">"&CQ7,$BC$6:$BC$53,INDEX(T_Equipos[Grupo],MATCH(BD7,T_Equipos[NombreEquipo],0))) -> 3 | CS7: =IF(COUNTIFS($CR$6:$CR$53,CR7,$BC$6:$BC$53,INDEX(T_Equipos[Grupo],MATCH(BD7,T_Equipos[NombreEquipo],0)))=1,"-","P."&CR7&" ("&COUNTIFS($CR$6:$CR$53,CR7,$BC$6:$BC$53,INDEX(T_Equipos[Grupo],MATCH(BD7,T_Equipos[NombreEquipo],0)))&")") -> P.3 (2) | CT7: =IF($CS7="-","-",SUMIFS(FG_GolesLocal,FGLocal,$BD7,Part2Empate6V,$CS7)+SUMIFS(FG_GolesVisitante,FGVisitante,$BD7,Part2Empate6L,$CS7)) -> 1 | CU7: =CR7+COUNTIFS($CS$6:$CS$53,CS7,$CT$6:CT$53,">"&CT7,$BC$6:$BC$53,INDEX(T_Equipos[Grupo],MATCH(BD7,T_Equipos[NombreEquipo],0))) -> 3 | CV7: =IF(COUNTIFS($CU$6:$CU$53,CU7,$BC$6:$BC$53,INDEX(T_Equipos[Grupo],MATCH(BD7,T_Equipos[NombreEquipo],0)))=1,"-","P."&CU7&" ("&COUNTIFS($CU$6:$CU$53,CU7,$BC$6:$BC$53,INDEX(T_Equipos[Grupo],MATCH(BD7,T_Equipos[NombreEquipo],0)))&")") -> P.3 (2) | CW7: =IF(CV7="-","-",BL7) -> -2 | CX7: =CU7+COUNTIFS($CV$6:$CV$53,CV7,$CW$6:CW$53,">"&CW7,$BC$6:$BC$53,INDEX(T_Equipos[Grupo],MATCH(BD7,T_Equipos[NombreEquipo],0))) -> 4 | CY7: =IF(COUNTIFS($CX$6:$CX$53,CX7,$BC$6:$BC$53,INDEX(T_Equipos[Grupo],MATCH(BD7,T_Equipos[NombreEquipo],0)))=1,"-","P."&CX7&" ("&COUNTIFS($CX$6:$CX$53,CX7,$BC$6:$BC$53,INDEX(T_Equipos[Grupo],MATCH(BD7,T_Equipos[NombreEquipo],0)))&")") -> - | CZ7: =IF(CY7="-","-",BJ7) -> - | DA7: =CX7+COUNTIFS($CY$6:$CY$53,CY7,$CZ$6:CZ$53,">"&CZ7,$BC$6:$BC$53,INDEX(T_Equipos[Grupo],MATCH(BD7,T_Equipos[NombreEquipo],0))) -> 4 | DB7: =IF(COUNTIFS($DA$6:$DA$53,DA7,$BC$6:$BC$53,INDEX(T_Equipos[Grupo],MATCH(BD7,T_Equipos[NombreEquipo],0)))=1,"-","P."&DA7&" ("&COUNTIFS($DA$6:$DA$53,DA7,$BC$6:$BC$53,INDEX(T_Equipos[Grupo],MATCH(BD7,T_Equipos[NombreEquipo],0)))&")") -> - | DC7: =IF(DB7="-","-",COUNTIFS(T_Equipos[Rank],"<"&INDEX(T_Equipos[Rank],MATCH(BD7,T_Equipos[NombreEquipo],0)),$BC$6:$BC$53,INDEX(T_Equipos[Grupo],MATCH(BD7,T_Equipos[NombreEquipo],0)))+1) -> - | DD7: =DA7+COUNTIFS($DB$6:$DB$53,DB7,$DC$6:DC$53,"<"&DC7,$BC$6:$BC$53,INDEX(T_Equipos[Grupo],MATCH(BD7,T_Equipos[NombreEquipo],0))) -> 4 | DF7: =IF(OR(INDEX($AW$6:$AW$97,MATCH($BD7,$AV$6:$AV$97,0))="",DB7="-"),DD7,INDEX($AW$6:$AW$97,MATCH($BD7,$AV$6:$AV$97,0))+DD7/1000) -> 4 | DG7: =IF(DB7="-","-",COUNTIFS(DF$6:DF$53,"<"&DF7,$BC$6:$BC$53,INDEX(T_Equipos[Grupo],MATCH(BD7,T_Equipos[NombreEquipo],0)))) -> - | DH7: =DA7+COUNTIFS(DB$6:DB$53,DB7,DG$6:DG$53,"<"&DG7,$BC$6:$BC$53,INDEX(T_Equipos[Grupo],MATCH(BD7,T_Equipos[NombreEquipo],0))) -> 4 | DJ7: =INDEX($DA$6:$DA$53,MATCH($DQ7,$BD$6:$BD$53,0)) -> 2 | DK7: =+SUMIF($BC$6:$BC$53,BC7,$BF$6:$BF$53) -> 8 | DL7: =IF(OR(DK7=12,$AJ$99=144),COUNTIFS($DJ$6:$DJ$53,DJ7,$BC$6:$BC$53,BC7),1) -> 1 | DM7: =DJ7&"."&DL7 -> 2.1 | DN7: {=OFFSET(Horarios!$P$3,DJ7-1,0,DL7,1)} -> 2 | DP7: 2A | DQ7: =INDEX($BD$6:$BD$53,MATCH(DP7,$BM$6:$BM$53,0)) -> Corea del Sur | DT7: =AA7&"-"&AF7 -> México-Corea del Sur
A8: =+Equipos!B5 -> República Checa | D8: =IF(OR(AC8="",AD8=""),"Pendiente",IF(AC8>AD8,"Local",IF(AC8<AD8,"Visitante","Empate"))) -> Pendiente | E8: =IF(D8="Pendiente","-",INDEX($BT$6:$BT$53,MATCH($AA8,$BD$6:$BD$53,0))) -> - | F8: =IF(D8="Pendiente","-",INDEX($BT$6:$BT$53,MATCH($AF8,$BD$6:$BD$53,0))) -> - | H8: =IF(D8="Pendiente","-",INDEX($BZ$6:$BZ$53,MATCH($AA8,$BD$6:$BD$53,0))) -> - | I8: =IF(D8="Pendiente","-",INDEX($BZ$6:$BZ$53,MATCH($AF8,$BD$6:$BD$53,0))) -> - | K8: =IF(D8="Pendiente","-",INDEX($CE$6:$CE$53,MATCH($AA8,$BD$6:$BD$53,0))) -> - | L8: =IF(D8="Pendiente","-",INDEX($CE$6:$CE$53,MATCH($AF8,$BD$6:$BD$53,0))) -> - | N8: =IF(D8="Pendiente","-",INDEX($CH$6:$CH$53,MATCH($AA8,$BD$6:$BD$53,0))) -> - | O8: =IF(D8="Pendiente","-",INDEX($CH$6:$CH$53,MATCH($AF8,$BD$6:$BD$53,0))) -> - | Q8: =IF(D8="Pendiente","-",INDEX($CN$6:$CN$53,MATCH($AA8,$BD$6:$BD$53,0))) -> - | R8: =IF(D8="Pendiente","-",INDEX($CN$6:$CN$53,MATCH($AF8,$BD$6:$BD$53,0))) -> - | T8: =IF(D8="Pendiente","-",INDEX($CS$6:$CS$53,MATCH($AA8,$BD$6:$BD$53,0))) -> - | U8: =IF(D8="Pendiente","-",INDEX($CS$6:$CS$53,MATCH($AF8,$BD$6:$BD$53,0))) -> - | X8: =Horarios!C8 -> 46198.125 | Y8: =Horarios!C8 -> 46198.125 | Z8: =Idiomas!D65 -> J3 | AA8: =A8 -> República Checa | AB8: {=Ver_flag_local} -> #VALUE! | AE8: {=Ver_flag_visit} -> #VALUE! | AF8: =A5 -> México | AG8: =IF(NOT(OR(ISBLANK(AC8),ISBLANK(AD8))),1,0) -> 0 | AH8: 53 | AI8: =AJ8&$B$4 -> 3A | AJ8: 3 | AK8: {=Ver_flag_visit} -> #VALUE! | AL8: =IFERROR(INDEX($BD$6:$BD$53,MATCH(AI8,$BN$6:$BN$53,0)),"") -> República Checa | AM8: =INDEX($BE$6:$BN$53,MATCH($AL8,$BD$6:$BD$53,0),MATCH(AM$5,$BE$5:$BN$5,0)) -> 1 | AN8: =INDEX($BE$6:$BN$53,MATCH($AL8,$BD$6:$BD$53,0),MATCH(AN$5,$BE$5:$BN$5,0)) -> 2 | AO8: =INDEX($BE$6:$BN$53,MATCH($AL8,$BD$6:$BD$53,0),MATCH(AO$5,$BE$5:$BN$5,0)) -> 0 | AP8: =INDEX($BE$6:$BN$53,MATCH($AL8,$BD$6:$BD$53,0),MATCH(AP$5,$BE$5:$BN$5,0)) -> 1 | AQ8: =INDEX($BE$6:$BN$53,MATCH($AL8,$BD$6:$BD$53,0),MATCH(AQ$5,$BE$5:$BN$5,0)) -> 1 | AR8: =INDEX($BE$6:$BN$53,MATCH($AL8,$BD$6:$BD$53,0),MATCH(AR$5,$BE$5:$BN$5,0)) -> 2 | AS8: =INDEX($BE$6:$BN$53,MATCH($AL8,$BD$6:$BD$53,0),MATCH(AS$5,$BE$5:$BN$5,0)) -> 3 | AT8: =INDEX($BE$6:$BN$53,MATCH($AL8,$BD$6:$BD$53,0),MATCH(AT$5,$BE$5:$BN$5,0)) -> -1 | AU8: =INDEX($DL$6:$DL$53,MATCH(AI8,$DP$6:$DP$53,0)) -> 1 | AV8: =INDEX($BD$6:$BD$53,MATCH(AI8,$BM$6:$BM$53,0)) -> República Checa | AY8: =+A7 -> Corea del Sur | BC8: =+INDEX(T_Equipos[Grupo],MATCH(WORLDCUP!BD8,T_Equipos[NombreEquipo],0)) -> A | BD8: =+Equipos!B4 -> Corea del Sur | BE8: =+BG8*3+BH8+IF($AZ$3="no",0,INDEX($AZ$6:$AZ$97,MATCH(BD8,$AY$6:$AY$97,0))) -> 3 | BF8: =+BG8+BH8+BI8 -> 2 | BG8: =+COUNTIFS(FGLocal,BD8,Ganador,"Local")+COUNTIFS(FGVisitante,BD8,Ganador,"Visitante") -> 1 | BH8: =+COUNTIFS(FGLocal,BD8,Ganador,"Empate")+COUNTIFS(FGVisitante,BD8,Ganador,"Empate") -> 0 | BI8: =+COUNTIFS(FGVisitante,BD8,Ganador,"Local")+COUNTIFS(FGLocal,BD8,Ganador,"Visitante") -> 1 | BJ8: =+SUMIFS(FG_GolesLocal,FGLocal,BD8,Ganador,"<>"&"Pendiente",FG_GolesLocal,"<>"&"",FG_GolesVisitante,"<>"&"")+SUMIFS(FG_GolesVisitante,FGVisitante,BD8,Ganador,"<>"&"Pendiente",FG_GolesLocal,"<>"&"",FG_GolesVisitante,"<>"&"") -> 2 | BK8: =+SUMIFS(FG_GolesLocal,FGVisitante,BD8,Ganador,"<>"&"Pendiente",FG_GolesLocal,"<>"&"",FG_GolesVisitante,"<>"&"")+SUMIFS(FG_GolesVisitante,FGLocal,BD8,Ganador,"<>"&"Pendiente",FG_GolesLocal,"<>"&"",FG_GolesVisitante,"<>"&"") -> 2 | BL8: =+BJ8-BK8 -> 0 | BM8: =DD8&BC8 -> 2A | BN8: =DH8&BC8 -> 2A | BO8: =IF(AND($AJ$99=144,BF8>=1),1,0) -> 0 | BP8: =COUNTIFS($BO$6:$BO$53,">"&BO8,$BC$6:$BC$53,INDEX(T_Equipos[Grupo],MATCH(BD8,T_Equipos[NombreEquipo],0)))+1 -> 1 | BQ8: =IF(COUNTIFS($BP$6:$BP$53,BP8,$BC$6:$BC$53,INDEX(T_Equipos[Grupo],MATCH(BD8,T_Equipos[NombreEquipo],0)))=1,"-","P."&BP8&" ("&COUNTIFS($BP$6:$BP$53,BP8,$BC$6:$BC$53,INDEX(T_Equipos[Grupo],MATCH(BD8,T_Equipos[NombreEquipo],0)))&")") -> P.1 (4) | BR8: =IF($BQ8="-","-",BE8) -> 3 | BS8: =BP8+COUNTIFS($BQ$6:$BQ$53,BQ8,$BR$6:BR$53,">"&BR8,$BC$6:$BC$53,INDEX(T_Equipos[Grupo],MATCH(BD8,T_Equipos[NombreEquipo],0))) -> 2 | BT8: =IF(COUNTIFS($BS$6:$BS$53,BS8,$BC$6:$BC$53,INDEX(T_Equipos[Grupo],MATCH(BD8,T_Equipos[NombreEquipo],0)))=1,"-","P."&BS8&" ("&COUNTIFS($BS$6:$BS$53,BS8,$BC$6:$BC$53,INDEX(T_Equipos[Grupo],MATCH(BD8,T_Equipos[NombreEquipo],0)))&")") -> - | BU8: =IF($BT8="-","-",COUNTIFS(FGLocal,$BD8,Ganador,"Local",Part1Empate1V,$BT8)+COUNTIFS(FGVisitante,$BD8,Ganador,"Visitante",Part1Empate1L,$BT8)) -> - | BV8: =IF($BT8="-","-",COUNTIFS(FGLocal,$BD8,Ganador,"Empate",Part1Empate1V,$BT8)+COUNTIFS(FGVisitante,$BD8,Ganador,"Empate",Part1Empate1L,$BT8)) -> - | BW8: =IF($BT8="-","-",COUNTIFS(FGLocal,$BD8,Ganador,"Visitante",Part1Empate1V,$BT8)+COUNTIFS(FGVisitante,$BD8,Ganador,"Local",Part1Empate1L,$BT8)) -> - | BX8: =IF($BT8="-","-",BU8*3+BV8) -> - | BY8: =BS8+COUNTIFS($BT$6:$BT$53,BT8,$BX$6:BX$53,">"&BX8,$BC$6:$BC$53,INDEX(T_Equipos[Grupo],MATCH(BD8,T_Equipos[NombreEquipo],0))) -> 2 | BZ8: =IF(COUNTIFS($BY$6:$BY$53,BY8,$BC$6:$BC$53,INDEX(T_Equipos[Grupo],MATCH(BD8,T_Equipos[NombreEquipo],0)))=1,"-","P."&BY8&" ("&COUNTIFS($BY$6:$BY$53,BY8,$BC$6:$BC$53,INDEX(T_Equipos[Grupo],MATCH(BD8,T_Equipos[NombreEquipo],0)))&")") -> - | CA8: =IF($BZ8="-","-",SUMIFS(FG_GolesLocal,FGLocal,$BD8,Part1Empate2V,$BZ8)+SUMIFS(FG_GolesVisitante,FGVisitante,$BD8,Part1Empate2L,$BZ8)) -> - | CB8: =IF($BZ8="-","-",SUMIFS(FG_GolesVisitante,FGLocal,$BD8,Part1Empate2V,$BZ8)+SUMIFS(FG_GolesLocal,FGVisitante,$BD8,Part1Empate2L,$BZ8)) -> - | CC8: =IF($BZ8="-","-",CA8-CB8) -> - | CD8: =BY8+COUNTIFS($BZ$6:$BZ$53,BZ8,$CC$6:CC$53,">"&CC8,$BC$6:$BC$53,INDEX(T_Equipos[Grupo],MATCH(BD8,T_Equipos[NombreEquipo],0))) -> 2 | CE8: =IF(COUNTIFS($CD$6:$CD$53,CD8,$BC$6:$BC$53,INDEX(T_Equipos[Grupo],MATCH(BD8,T_Equipos[NombreEquipo],0)))=1,"-","P."&CD8&" ("&COUNTIFS($CD$6:$CD$53,CD8,$BC$6:$BC$53,INDEX(T_Equipos[Grupo],MATCH(BD8,T_Equipos[NombreEquipo],0)))&")") -> - | CF8: =IF($CE8="-","-",SUMIFS(FG_GolesLocal,FGLocal,$BD8,Part1Empate3V,$CE8)+SUMIFS(FG_GolesVisitante,FGVisitante,$BD8,Part1Empate3L,$CE8)) -> - | CG8: =CD8+COUNTIFS($CE$6:$CE$53,CE8,$CF$6:CF$53,">"&CF8,$BC$6:$BC$53,INDEX(T_Equipos[Grupo],MATCH(BD8,T_Equipos[NombreEquipo],0))) -> 2 | CH8: =IF(COUNTIFS($CG$6:$CG$53,CG8,$BC$6:$BC$53,INDEX(T_Equipos[Grupo],MATCH(BD8,T_Equipos[NombreEquipo],0)))=1,"-","P."&CG8&" ("&COUNTIFS($CG$6:$CG$53,CG8,$BC$6:$BC$53,INDEX(T_Equipos[Grupo],MATCH(BD8,T_Equipos[NombreEquipo],0)))&")") -> - | CI8: =IF($CH8="-","-",COUNTIFS(FGLocal,$BD8,Ganador,"Local",Part2Empate4V,$CH8)+COUNTIFS(FGVisitante,$BD8,Ganador,"Visitante",Part2Empate4L,$CH8)) -> - | CJ8: =IF($CH8="-","-",COUNTIFS(FGLocal,$BD8,Ganador,"Empate",Part2Empate4V,$CH8)+COUNTIFS(FGVisitante,$BD8,Ganador,"Empate",Part2Empate4L,$CH8)) -> - | CK8: =IF($CH8="-","-",COUNTIFS(FGLocal,$BD8,Ganador,"Visitante",Part2Empate4V,$CH8)+COUNTIFS(FGVisitante,$BD8,Ganador,"Local",Part2Empate4L,$CH8)) -> - | CL8: =IF($CH8="-","-",CI8*3+CJ8) -> - | CM8: =CG8+COUNTIFS($CH$6:$CH$53,CH8,$CL$6:CL$53,">"&CL8,$BC$6:$BC$53,INDEX(T_Equipos[Grupo],MATCH(BD8,T_Equipos[NombreEquipo],0))) -> 2 | CN8: =IF(COUNTIFS($CM$6:$CM$53,CM8,$BC$6:$BC$53,INDEX(T_Equipos[Grupo],MATCH(BD8,T_Equipos[NombreEquipo],0)))=1,"-","P."&CM8&" ("&COUNTIFS($CM$6:$CM$53,CM8,$BC$6:$BC$53,INDEX(T_Equipos[Grupo],MATCH(BD8,T_Equipos[NombreEquipo],0)))&")") -> - | CO8: =IF($CN8="-","-",SUMIFS(FG_GolesLocal,FGLocal,$BD8,Part2Empate5V,$CN8)+SUMIFS(FG_GolesVisitante,FGVisitante,$BD8,Part2Empate5L,$CN8)) -> - | CP8: =IF($CN8="-","-",SUMIFS(FG_GolesVisitante,FGLocal,$BD8,Part2Empate5V,$CN8)+SUMIFS(FG_GolesLocal,FGVisitante,$BD8,Part2Empate5L,$CN8)) -> - | CQ8: =IF($CN8="-","-",CO8-CP8) -> - | CR8: =CM8+COUNTIFS($CN$6:$CN$53,CN8,$CQ$6:CQ$53,">"&CQ8,$BC$6:$BC$53,INDEX(T_Equipos[Grupo],MATCH(BD8,T_Equipos[NombreEquipo],0))) -> 2 | CS8: =IF(COUNTIFS($CR$6:$CR$53,CR8,$BC$6:$BC$53,INDEX(T_Equipos[Grupo],MATCH(BD8,T_Equipos[NombreEquipo],0)))=1,"-","P."&CR8&" ("&COUNTIFS($CR$6:$CR$53,CR8,$BC$6:$BC$53,INDEX(T_Equipos[Grupo],MATCH(BD8,T_Equipos[NombreEquipo],0)))&")") -> - | CT8: =IF($CS8="-","-",SUMIFS(FG_GolesLocal,FGLocal,$BD8,Part2Empate6V,$CS8)+SUMIFS(FG_GolesVisitante,FGVisitante,$BD8,Part2Empate6L,$CS8)) -> - | CU8: =CR8+COUNTIFS($CS$6:$CS$53,CS8,$CT$6:CT$53,">"&CT8,$BC$6:$BC$53,INDEX(T_Equipos[Grupo],MATCH(BD8,T_Equipos[NombreEquipo],0))) -> 2 | CV8: =IF(COUNTIFS($CU$6:$CU$53,CU8,$BC$6:$BC$53,INDEX(T_Equipos[Grupo],MATCH(BD8,T_Equipos[NombreEquipo],0)))=1,"-","P."&CU8&" ("&COUNTIFS($CU$6:$CU$53,CU8,$BC$6:$BC$53,INDEX(T_Equipos[Grupo],MATCH(BD8,T_Equipos[NombreEquipo],0)))&")") -> - | CW8: =IF(CV8="-","-",BL8) -> - | CX8: =CU8+COUNTIFS($CV$6:$CV$53,CV8,$CW$6:CW$53,">"&CW8,$BC$6:$BC$53,INDEX(T_Equipos[Grupo],MATCH(BD8,T_Equipos[NombreEquipo],0))) -> 2 | CY8: =IF(COUNTIFS($CX$6:$CX$53,CX8,$BC$6:$BC$53,INDEX(T_Equipos[Grupo],MATCH(BD8,T_Equipos[NombreEquipo],0)))=1,"-","P."&CX8&" ("&COUNTIFS($CX$6:$CX$53,CX8,$BC$6:$BC$53,INDEX(T_Equipos[Grupo],MATCH(BD8,T_Equipos[NombreEquipo],0)))&")") -> - | CZ8: =IF(CY8="-","-",BJ8) -> - | DA8: =CX8+COUNTIFS($CY$6:$CY$53,CY8,$CZ$6:CZ$53,">"&CZ8,$BC$6:$BC$53,INDEX(T_Equipos[Grupo],MATCH(BD8,T_Equipos[NombreEquipo],0))) -> 2 | DB8: =IF(COUNTIFS($DA$6:$DA$53,DA8,$BC$6:$BC$53,INDEX(T_Equipos[Grupo],MATCH(BD8,T_Equipos[NombreEquipo],0)))=1,"-","P."&DA8&" ("&COUNTIFS($DA$6:$DA$53,DA8,$BC$6:$BC$53,INDEX(T_Equipos[Grupo],MATCH(BD8,T_Equipos[NombreEquipo],0)))&")") -> - | DC8: =IF(DB8="-","-",COUNTIFS(T_Equipos[Rank],"<"&INDEX(T_Equipos[Rank],MATCH(BD8,T_Equipos[NombreEquipo],0)),$BC$6:$BC$53,INDEX(T_Equipos[Grupo],MATCH(BD8,T_Equipos[NombreEquipo],0)))+1) -> - | DD8: =DA8+COUNTIFS($DB$6:$DB$53,DB8,$DC$6:DC$53,"<"&DC8,$BC$6:$BC$53,INDEX(T_Equipos[Grupo],MATCH(BD8,T_Equipos[NombreEquipo],0))) -> 2 | DF8: =IF(OR(INDEX($AW$6:$AW$97,MATCH($BD8,$AV$6:$AV$97,0))="",DB8="-"),DD8,INDEX($AW$6:$AW$97,MATCH($BD8,$AV$6:$AV$97,0))+DD8/1000) -> 2 | DG8: =IF(DB8="-","-",COUNTIFS(DF$6:DF$53,"<"&DF8,$BC$6:$BC$53,INDEX(T_Equipos[Grupo],MATCH(BD8,T_Equipos[NombreEquipo],0)))) -> - | DH8: =DA8+COUNTIFS(DB$6:DB$53,DB8,DG$6:DG$53,"<"&DG8,$BC$6:$BC$53,INDEX(T_Equipos[Grupo],MATCH(BD8,T_Equipos[NombreEquipo],0))) -> 2 | DJ8: =INDEX($DA$6:$DA$53,MATCH($DQ8,$BD$6:$BD$53,0)) -> 3 | DK8: =+SUMIF($BC$6:$BC$53,BC8,$BF$6:$BF$53) -> 8 | DL8: =IF(OR(DK8=12,$AJ$99=144),COUNTIFS($DJ$6:$DJ$53,DJ8,$BC$6:$BC$53,BC8),1) -> 1 | DM8: =DJ8&"."&DL8 -> 3.1 | DN8: {=OFFSET(Horarios!$P$3,DJ8-1,0,DL8,1)} -> 3 | DP8: 3A | DQ8: =INDEX($BD$6:$BD$53,MATCH(DP8,$BM$6:$BM$53,0)) -> República Checa | DT8: =AA8&"-"&AF8 -> República Checa-México
D9: =IF(OR(AC9="",AD9=""),"Pendiente",IF(AC9>AD9,"Local",IF(AC9<AD9,"Visitante","Empate"))) -> Pendiente | E9: =IF(D9="Pendiente","-",INDEX($BT$6:$BT$53,MATCH($AA9,$BD$6:$BD$53,0))) -> - | F9: =IF(D9="Pendiente","-",INDEX($BT$6:$BT$53,MATCH($AF9,$BD$6:$BD$53,0))) -> - | H9: =IF(D9="Pendiente","-",INDEX($BZ$6:$BZ$53,MATCH($AA9,$BD$6:$BD$53,0))) -> - | I9: =IF(D9="Pendiente","-",INDEX($BZ$6:$BZ$53,MATCH($AF9,$BD$6:$BD$53,0))) -> - | K9: =IF(D9="Pendiente","-",INDEX($CE$6:$CE$53,MATCH($AA9,$BD$6:$BD$53,0))) -> - | L9: =IF(D9="Pendiente","-",INDEX($CE$6:$CE$53,MATCH($AF9,$BD$6:$BD$53,0))) -> - | N9: =IF(D9="Pendiente","-",INDEX($CH$6:$CH$53,MATCH($AA9,$BD$6:$BD$53,0))) -> - | O9: =IF(D9="Pendiente","-",INDEX($CH$6:$CH$53,MATCH($AF9,$BD$6:$BD$53,0))) -> - | Q9: =IF(D9="Pendiente","-",INDEX($CN$6:$CN$53,MATCH($AA9,$BD$6:$BD$53,0))) -> - | R9: =IF(D9="Pendiente","-",INDEX($CN$6:$CN$53,MATCH($AF9,$BD$6:$BD$53,0))) -> - | T9: =IF(D9="Pendiente","-",INDEX($CS$6:$CS$53,MATCH($AA9,$BD$6:$BD$53,0))) -> - | U9: =IF(D9="Pendiente","-",INDEX($CS$6:$CS$53,MATCH($AF9,$BD$6:$BD$53,0))) -> - | X9: =Horarios!C9 -> 46198.125 | Y9: =Horarios!C9 -> 46198.125 | Z9: =$Z$8 -> J3 | AA9: =A6 -> Sudáfrica | AB9: {=Ver_flag_local} -> #VALUE! | AE9: {=Ver_flag_visit} -> #VALUE! | AF9: =A7 -> Corea del Sur | AG9: =IF(NOT(OR(ISBLANK(AC9),ISBLANK(AD9))),1,0) -> 0 | AH9: 54 | AI9: =AJ9&$B$4 -> 4A | AJ9: 4 | AK9: {=Ver_flag_visit} -> #VALUE! | AL9: =IFERROR(INDEX($BD$6:$BD$53,MATCH(AI9,$BN$6:$BN$53,0)),"") -> Sudáfrica | AM9: =INDEX($BE$6:$BN$53,MATCH($AL9,$BD$6:$BD$53,0),MATCH(AM$5,$BE$5:$BN$5,0)) -> 1 | AN9: =INDEX($BE$6:$BN$53,MATCH($AL9,$BD$6:$BD$53,0),MATCH(AN$5,$BE$5:$BN$5,0)) -> 2 | AO9: =INDEX($BE$6:$BN$53,MATCH($AL9,$BD$6:$BD$53,0),MATCH(AO$5,$BE$5:$BN$5,0)) -> 0 | AP9: =INDEX($BE$6:$BN$53,MATCH($AL9,$BD$6:$BD$53,0),MATCH(AP$5,$BE$5:$BN$5,0)) -> 1 | AQ9: =INDEX($BE$6:$BN$53,MATCH($AL9,$BD$6:$BD$53,0),MATCH(AQ$5,$BE$5:$BN$5,0)) -> 1 | AR9: =INDEX($BE$6:$BN$53,MATCH($AL9,$BD$6:$BD$53,0),MATCH(AR$5,$BE$5:$BN$5,0)) -> 1 | AS9: =INDEX($BE$6:$BN$53,MATCH($AL9,$BD$6:$BD$53,0),MATCH(AS$5,$BE$5:$BN$5,0)) -> 3 | AT9: =INDEX($BE$6:$BN$53,MATCH($AL9,$BD$6:$BD$53,0),MATCH(AT$5,$BE$5:$BN$5,0)) -> -2 | AU9: =INDEX($DL$6:$DL$53,MATCH(AI9,$DP$6:$DP$53,0)) -> 1 | AV9: =INDEX($BD$6:$BD$53,MATCH(AI9,$BM$6:$BM$53,0)) -> Sudáfrica | AY9: =+A8 -> República Checa | BC9: =+INDEX(T_Equipos[Grupo],MATCH(WORLDCUP!BD9,T_Equipos[NombreEquipo],0)) -> A | BD9: =+Equipos!B5 -> República Checa | BE9: =+BG9*3+BH9+IF($AZ$3="no",0,INDEX($AZ$6:$AZ$97,MATCH(BD9,$AY$6:$AY$97,0))) -> 1 | BF9: =+BG9+BH9+BI9 -> 2 | BG9: =+COUNTIFS(FGLocal,BD9,Ganador,"Local")+COUNTIFS(FGVisitante,BD9,Ganador,"Visitante") -> 0 | BH9: =+COUNTIFS(FGLocal,BD9,Ganador,"Empate")+COUNTIFS(FGVisitante,BD9,Ganador,"Empate") -> 1 | BI9: =+COUNTIFS(FGVisitante,BD9,Ganador,"Local")+COUNTIFS(FGLocal,BD9,Ganador,"Visitante") -> 1 | BJ9: =+SUMIFS(FG_GolesLocal,FGLocal,BD9,Ganador,"<>"&"Pendiente",FG_GolesLocal,"<>"&"",FG_GolesVisitante,"<>"&"")+SUMIFS(FG_GolesVisitante,FGVisitante,BD9,Ganador,"<>"&"Pendiente",FG_GolesLocal,"<>"&"",FG_GolesVisitante,"<>"&"") -> 2 | BK9: =+SUMIFS(FG_GolesLocal,FGVisitante,BD9,Ganador,"<>"&"Pendiente",FG_GolesLocal,"<>"&"",FG_GolesVisitante,"<>"&"")+SUMIFS(FG_GolesVisitante,FGLocal,BD9,Ganador,"<>"&"Pendiente",FG_GolesLocal,"<>"&"",FG_GolesVisitante,"<>"&"") -> 3 | BL9: =+BJ9-BK9 -> -1 | BM9: =DD9&BC9 -> 3A | BN9: =DH9&BC9 -> 3A | BO9: =IF(AND($AJ$99=144,BF9>=1),1,0) -> 0 | BP9: =COUNTIFS($BO$6:$BO$53,">"&BO9,$BC$6:$BC$53,INDEX(T_Equipos[Grupo],MATCH(BD9,T_Equipos[NombreEquipo],0)))+1 -> 1 | BQ9: =IF(COUNTIFS($BP$6:$BP$53,BP9,$BC$6:$BC$53,INDEX(T_Equipos[Grupo],MATCH(BD9,T_Equipos[NombreEquipo],0)))=1,"-","P."&BP9&" ("&COUNTIFS($BP$6:$BP$53,BP9,$BC$6:$BC$53,INDEX(T_Equipos[Grupo],MATCH(BD9,T_Equipos[NombreEquipo],0)))&")") -> P.1 (4) | BR9: =IF($BQ9="-","-",BE9) -> 1 | BS9: =BP9+COUNTIFS($BQ$6:$BQ$53,BQ9,$BR$6:BR$53,">"&BR9,$BC$6:$BC$53,INDEX(T_Equipos[Grupo],MATCH(BD9,T_Equipos[NombreEquipo],0))) -> 3 | BT9: =IF(COUNTIFS($BS$6:$BS$53,BS9,$BC$6:$BC$53,INDEX(T_Equipos[Grupo],MATCH(BD9,T_Equipos[NombreEquipo],0)))=1,"-","P."&BS9&" ("&COUNTIFS($BS$6:$BS$53,BS9,$BC$6:$BC$53,INDEX(T_Equipos[Grupo],MATCH(BD9,T_Equipos[NombreEquipo],0)))&")") -> P.3 (2) | BU9: =IF($BT9="-","-",COUNTIFS(FGLocal,$BD9,Ganador,"Local",Part1Empate1V,$BT9)+COUNTIFS(FGVisitante,$BD9,Ganador,"Visitante",Part1Empate1L,$BT9)) -> 0 | BV9: =IF($BT9="-","-",COUNTIFS(FGLocal,$BD9,Ganador,"Empate",Part1Empate1V,$BT9)+COUNTIFS(FGVisitante,$BD9,Ganador,"Empate",Part1Empate1L,$BT9)) -> 1 | BW9: =IF($BT9="-","-",COUNTIFS(FGLocal,$BD9,Ganador,"Visitante",Part1Empate1V,$BT9)+COUNTIFS(FGVisitante,$BD9,Ganador,"Local",Part1Empate1L,$BT9)) -> 0 | BX9: =IF($BT9="-","-",BU9*3+BV9) -> 1 | BY9: =BS9+COUNTIFS($BT$6:$BT$53,BT9,$BX$6:BX$53,">"&BX9,$BC$6:$BC$53,INDEX(T_Equipos[Grupo],MATCH(BD9,T_Equipos[NombreEquipo],0))) -> 3 | BZ9: =IF(COUNTIFS($BY$6:$BY$53,BY9,$BC$6:$BC$53,INDEX(T_Equipos[Grupo],MATCH(BD9,T_Equipos[NombreEquipo],0)))=1,"-","P."&BY9&" ("&COUNTIFS($BY$6:$BY$53,BY9,$BC$6:$BC$53,INDEX(T_Equipos[Grupo],MATCH(BD9,T_Equipos[NombreEquipo],0)))&")") -> P.3 (2) | CA9: =IF($BZ9="-","-",SUMIFS(FG_GolesLocal,FGLocal,$BD9,Part1Empate2V,$BZ9)+SUMIFS(FG_GolesVisitante,FGVisitante,$BD9,Part1Empate2L,$BZ9)) -> 1 | CB9: =IF($BZ9="-","-",SUMIFS(FG_GolesVisitante,FGLocal,$BD9,Part1Empate2V,$BZ9)+SUMIFS(FG_GolesLocal,FGVisitante,$BD9,Part1Empate2L,$BZ9)) -> 1 | CC9: =IF($BZ9="-","-",CA9-CB9) -> 0 | CD9: =BY9+COUNTIFS($BZ$6:$BZ$53,BZ9,$CC$6:CC$53,">"&CC9,$BC$6:$BC$53,INDEX(T_Equipos[Grupo],MATCH(BD9,T_Equipos[NombreEquipo],0))) -> 3 | CE9: =IF(COUNTIFS($CD$6:$CD$53,CD9,$BC$6:$BC$53,INDEX(T_Equipos[Grupo],MATCH(BD9,T_Equipos[NombreEquipo],0)))=1,"-","P."&CD9&" ("&COUNTIFS($CD$6:$CD$53,CD9,$BC$6:$BC$53,INDEX(T_Equipos[Grupo],MATCH(BD9,T_Equipos[NombreEquipo],0)))&")") -> P.3 (2) | CF9: =IF($CE9="-","-",SUMIFS(FG_GolesLocal,FGLocal,$BD9,Part1Empate3V,$CE9)+SUMIFS(FG_GolesVisitante,FGVisitante,$BD9,Part1Empate3L,$CE9)) -> 1 | CG9: =CD9+COUNTIFS($CE$6:$CE$53,CE9,$CF$6:CF$53,">"&CF9,$BC$6:$BC$53,INDEX(T_Equipos[Grupo],MATCH(BD9,T_Equipos[NombreEquipo],0))) -> 3 | CH9: =IF(COUNTIFS($CG$6:$CG$53,CG9,$BC$6:$BC$53,INDEX(T_Equipos[Grupo],MATCH(BD9,T_Equipos[NombreEquipo],0)))=1,"-","P."&CG9&" ("&COUNTIFS($CG$6:$CG$53,CG9,$BC$6:$BC$53,INDEX(T_Equipos[Grupo],MATCH(BD9,T_Equipos[NombreEquipo],0)))&")") -> P.3 (2) | CI9: =IF($CH9="-","-",COUNTIFS(FGLocal,$BD9,Ganador,"Local",Part2Empate4V,$CH9)+COUNTIFS(FGVisitante,$BD9,Ganador,"Visitante",Part2Empate4L,$CH9)) -> 0 | CJ9: =IF($CH9="-","-",COUNTIFS(FGLocal,$BD9,Ganador,"Empate",Part2Empate4V,$CH9)+COUNTIFS(FGVisitante,$BD9,Ganador,"Empate",Part2Empate4L,$CH9)) -> 1 | CK9: =IF($CH9="-","-",COUNTIFS(FGLocal,$BD9,Ganador,"Visitante",Part2Empate4V,$CH9)+COUNTIFS(FGVisitante,$BD9,Ganador,"Local",Part2Empate4L,$CH9)) -> 0 | CL9: =IF($CH9="-","-",CI9*3+CJ9) -> 1 | CM9: =CG9+COUNTIFS($CH$6:$CH$53,CH9,$CL$6:CL$53,">"&CL9,$BC$6:$BC$53,INDEX(T_Equipos[Grupo],MATCH(BD9,T_Equipos[NombreEquipo],0))) -> 3 | CN9: =IF(COUNTIFS($CM$6:$CM$53,CM9,$BC$6:$BC$53,INDEX(T_Equipos[Grupo],MATCH(BD9,T_Equipos[NombreEquipo],0)))=1,"-","P."&CM9&" ("&COUNTIFS($CM$6:$CM$53,CM9,$BC$6:$BC$53,INDEX(T_Equipos[Grupo],MATCH(BD9,T_Equipos[NombreEquipo],0)))&")") -> P.3 (2) | CO9: =IF($CN9="-","-",SUMIFS(FG_GolesLocal,FGLocal,$BD9,Part2Empate5V,$CN9)+SUMIFS(FG_GolesVisitante,FGVisitante,$BD9,Part2Empate5L,$CN9)) -> 1 | CP9: =IF($CN9="-","-",SUMIFS(FG_GolesVisitante,FGLocal,$BD9,Part2Empate5V,$CN9)+SUMIFS(FG_GolesLocal,FGVisitante,$BD9,Part2Empate5L,$CN9)) -> 1 | CQ9: =IF($CN9="-","-",CO9-CP9) -> 0 | CR9: =CM9+COUNTIFS($CN$6:$CN$53,CN9,$CQ$6:CQ$53,">"&CQ9,$BC$6:$BC$53,INDEX(T_Equipos[Grupo],MATCH(BD9,T_Equipos[NombreEquipo],0))) -> 3 | CS9: =IF(COUNTIFS($CR$6:$CR$53,CR9,$BC$6:$BC$53,INDEX(T_Equipos[Grupo],MATCH(BD9,T_Equipos[NombreEquipo],0)))=1,"-","P."&CR9&" ("&COUNTIFS($CR$6:$CR$53,CR9,$BC$6:$BC$53,INDEX(T_Equipos[Grupo],MATCH(BD9,T_Equipos[NombreEquipo],0)))&")") -> P.3 (2) | CT9: =IF($CS9="-","-",SUMIFS(FG_GolesLocal,FGLocal,$BD9,Part2Empate6V,$CS9)+SUMIFS(FG_GolesVisitante,FGVisitante,$BD9,Part2Empate6L,$CS9)) -> 1 | CU9: =CR9+COUNTIFS($CS$6:$CS$53,CS9,$CT$6:CT$53,">"&CT9,$BC$6:$BC$53,INDEX(T_Equipos[Grupo],MATCH(BD9,T_Equipos[NombreEquipo],0))) -> 3 | CV9: =IF(COUNTIFS($CU$6:$CU$53,CU9,$BC$6:$BC$53,INDEX(T_Equipos[Grupo],MATCH(BD9,T_Equipos[NombreEquipo],0)))=1,"-","P."&CU9&" ("&COUNTIFS($CU$6:$CU$53,CU9,$BC$6:$BC$53,INDEX(T_Equipos[Grupo],MATCH(BD9,T_Equipos[NombreEquipo],0)))&")") -> P.3 (2) | CW9: =IF(CV9="-","-",BL9) -> -1 | CX9: =CU9+COUNTIFS($CV$6:$CV$53,CV9,$CW$6:CW$53,">"&CW9,$BC$6:$BC$53,INDEX(T_Equipos[Grupo],MATCH(BD9,T_Equipos[NombreEquipo],0))) -> 3 | CY9: =IF(COUNTIFS($CX$6:$CX$53,CX9,$BC$6:$BC$53,INDEX(T_Equipos[Grupo],MATCH(BD9,T_Equipos[NombreEquipo],0)))=1,"-","P."&CX9&" ("&COUNTIFS($CX$6:$CX$53,CX9,$BC$6:$BC$53,INDEX(T_Equipos[Grupo],MATCH(BD9,T_Equipos[NombreEquipo],0)))&")") -> - | CZ9: =IF(CY9="-","-",BJ9) -> - | DA9: =CX9+COUNTIFS($CY$6:$CY$53,CY9,$CZ$6:CZ$53,">"&CZ9,$BC$6:$BC$53,INDEX(T_Equipos[Grupo],MATCH(BD9,T_Equipos[NombreEquipo],0))) -> 3 | DB9: =IF(COUNTIFS($DA$6:$DA$53,DA9,$BC$6:$BC$53,INDEX(T_Equipos[Grupo],MATCH(BD9,T_Equipos[NombreEquipo],0)))=1,"-","P."&DA9&" ("&COUNTIFS($DA$6:$DA$53,DA9,$BC$6:$BC$53,INDEX(T_Equipos[Grupo],MATCH(BD9,T_Equipos[NombreEquipo],0)))&")") -> - | DC9: =IF(DB9="-","-",COUNTIFS(T_Equipos[Rank],"<"&INDEX(T_Equipos[Rank],MATCH(BD9,T_Equipos[NombreEquipo],0)),$BC$6:$BC$53,INDEX(T_Equipos[Grupo],MATCH(BD9,T_Equipos[NombreEquipo],0)))+1) -> - | DD9: =DA9+COUNTIFS($DB$6:$DB$53,DB9,$DC$6:DC$53,"<"&DC9,$BC$6:$BC$53,INDEX(T_Equipos[Grupo],MATCH(BD9,T_Equipos[NombreEquipo],0))) -> 3 | DF9: =IF(OR(INDEX($AW$6:$AW$97,MATCH($BD9,$AV$6:$AV$97,0))="",DB9="-"),DD9,INDEX($AW$6:$AW$97,MATCH($BD9,$AV$6:$AV$97,0))+DD9/1000) -> 3 | DG9: =IF(DB9="-","-",COUNTIFS(DF$6:DF$53,"<"&DF9,$BC$6:$BC$53,INDEX(T_Equipos[Grupo],MATCH(BD9,T_Equipos[NombreEquipo],0)))) -> - | DH9: =DA9+COUNTIFS(DB$6:DB$53,DB9,DG$6:DG$53,"<"&DG9,$BC$6:$BC$53,INDEX(T_Equipos[Grupo],MATCH(BD9,T_Equipos[NombreEquipo],0))) -> 3 | DJ9: =INDEX($DA$6:$DA$53,MATCH($DQ9,$BD$6:$BD$53,0)) -> 4 | DK9: =+SUMIF($BC$6:$BC$53,BC9,$BF$6:$BF$53) -> 8 | DL9: =IF(OR(DK9=12,$AJ$99=144),COUNTIFS($DJ$6:$DJ$53,DJ9,$BC$6:$BC$53,BC9),1) -> 1 | DM9: =DJ9&"."&DL9 -> 4.1 | DN9: {=OFFSET(Horarios!$P$3,DJ9-1,0,DL9,1)} -> 4 | DP9: 4A | DQ9: =INDEX($BD$6:$BD$53,MATCH(DP9,$BM$6:$BM$53,0)) -> Sudáfrica | DT9: =AA9&"-"&AF9 -> Sudáfrica-Corea del Sur
BC10: =+INDEX(T_Equipos[Grupo],MATCH(WORLDCUP!BD10,T_Equipos[NombreEquipo],0)) -> B | BD10: =+Equipos!B6 -> Canadá | BE10: =+BG10*3+BH10+IF($AZ$3="no",0,INDEX($AZ$6:$AZ$97,MATCH(BD10,$AY$6:$AY$97,0))) -> 4 | BF10: =+BG10+BH10+BI10 -> 2 | BG10: =+COUNTIFS(FGLocal,BD10,Ganador,"Local")+COUNTIFS(FGVisitante,BD10,Ganador,"Visitante") -> 1 | BH10: =+COUNTIFS(FGLocal,BD10,Ganador,"Empate")+COUNTIFS(FGVisitante,BD10,Ganador,"Empate") -> 1 | BI10: =+COUNTIFS(FGVisitante,BD10,Ganador,"Local")+COUNTIFS(FGLocal,BD10,Ganador,"Visitante") -> 0 | BJ10: =+SUMIFS(FG_GolesLocal,FGLocal,BD10,Ganador,"<>"&"Pendiente",FG_GolesLocal,"<>"&"",FG_GolesVisitante,"<>"&"")+SUMIFS(FG_GolesVisitante,FGVisitante,BD10,Ganador,"<>"&"Pendiente",FG_GolesLocal,"<>"&"",FG_GolesVisitante,"<>"&"") -> 7 | BK10: =+SUMIFS(FG_GolesLocal,FGVisitante,BD10,Ganador,"<>"&"Pendiente",FG_GolesLocal,"<>"&"",FG_GolesVisitante,"<>"&"")+SUMIFS(FG_GolesVisitante,FGLocal,BD10,Ganador,"<>"&"Pendiente",FG_GolesLocal,"<>"&"",FG_GolesVisitante,"<>"&"") -> 1 | BL10: =+BJ10-BK10 -> 6 | BM10: =DD10&BC10 -> 1B | BN10: =DH10&BC10 -> 1B | BO10: =IF(AND($AJ$99=144,BF10>=1),1,0) -> 0 | BP10: =COUNTIFS($BO$6:$BO$53,">"&BO10,$BC$6:$BC$53,INDEX(T_Equipos[Grupo],MATCH(BD10,T_Equipos[NombreEquipo],0)))+1 -> 1 | BQ10: =IF(COUNTIFS($BP$6:$BP$53,BP10,$BC$6:$BC$53,INDEX(T_Equipos[Grupo],MATCH(BD10,T_Equipos[NombreEquipo],0)))=1,"-","P."&BP10&" ("&COUNTIFS($BP$6:$BP$53,BP10,$BC$6:$BC$53,INDEX(T_Equipos[Grupo],MATCH(BD10,T_Equipos[NombreEquipo],0)))&")") -> P.1 (4) | BR10: =IF($BQ10="-","-",BE10) -> 4 | BS10: =BP10+COUNTIFS($BQ$6:$BQ$53,BQ10,$BR$6:BR$53,">"&BR10,$BC$6:$BC$53,INDEX(T_Equipos[Grupo],MATCH(BD10,T_Equipos[NombreEquipo],0))) -> 1 | BT10: =IF(COUNTIFS($BS$6:$BS$53,BS10,$BC$6:$BC$53,INDEX(T_Equipos[Grupo],MATCH(BD10,T_Equipos[NombreEquipo],0)))=1,"-","P."&BS10&" ("&COUNTIFS($BS$6:$BS$53,BS10,$BC$6:$BC$53,INDEX(T_Equipos[Grupo],MATCH(BD10,T_Equipos[NombreEquipo],0)))&")") -> P.1 (2) | BU10: =IF($BT10="-","-",COUNTIFS(FGLocal,$BD10,Ganador,"Local",Part1Empate1V,$BT10)+COUNTIFS(FGVisitante,$BD10,Ganador,"Visitante",Part1Empate1L,$BT10)) -> 0 | BV10: =IF($BT10="-","-",COUNTIFS(FGLocal,$BD10,Ganador,"Empate",Part1Empate1V,$BT10)+COUNTIFS(FGVisitante,$BD10,Ganador,"Empate",Part1Empate1L,$BT10)) -> 0 | BW10: =IF($BT10="-","-",COUNTIFS(FGLocal,$BD10,Ganador,"Visitante",Part1Empate1V,$BT10)+COUNTIFS(FGVisitante,$BD10,Ganador,"Local",Part1Empate1L,$BT10)) -> 0 | BX10: =IF($BT10="-","-",BU10*3+BV10) -> 0 | BY10: =BS10+COUNTIFS($BT$6:$BT$53,BT10,$BX$6:BX$53,">"&BX10,$BC$6:$BC$53,INDEX(T_Equipos[Grupo],MATCH(BD10,T_Equipos[NombreEquipo],0))) -> 1 | BZ10: =IF(COUNTIFS($BY$6:$BY$53,BY10,$BC$6:$BC$53,INDEX(T_Equipos[Grupo],MATCH(BD10,T_Equipos[NombreEquipo],0)))=1,"-","P."&BY10&" ("&COUNTIFS($BY$6:$BY$53,BY10,$BC$6:$BC$53,INDEX(T_Equipos[Grupo],MATCH(BD10,T_Equipos[NombreEquipo],0)))&")") -> P.1 (2) | CA10: =IF($BZ10="-","-",SUMIFS(FG_GolesLocal,FGLocal,$BD10,Part1Empate2V,$BZ10)+SUMIFS(FG_GolesVisitante,FGVisitante,$BD10,Part1Empate2L,$BZ10)) -> 0 | CB10: =IF($BZ10="-","-",SUMIFS(FG_GolesVisitante,FGLocal,$BD10,Part1Empate2V,$BZ10)+SUMIFS(FG_GolesLocal,FGVisitante,$BD10,Part1Empate2L,$BZ10)) -> 0 | CC10: =IF($BZ10="-","-",CA10-CB10) -> 0 | CD10: =BY10+COUNTIFS($BZ$6:$BZ$53,BZ10,$CC$6:CC$53,">"&CC10,$BC$6:$BC$53,INDEX(T_Equipos[Grupo],MATCH(BD10,T_Equipos[NombreEquipo],0))) -> 1 | CE10: =IF(COUNTIFS($CD$6:$CD$53,CD10,$BC$6:$BC$53,INDEX(T_Equipos[Grupo],MATCH(BD10,T_Equipos[NombreEquipo],0)))=1,"-","P."&CD10&" ("&COUNTIFS($CD$6:$CD$53,CD10,$BC$6:$BC$53,INDEX(T_Equipos[Grupo],MATCH(BD10,T_Equipos[NombreEquipo],0)))&")") -> P.1 (2) | CF10: =IF($CE10="-","-",SUMIFS(FG_GolesLocal,FGLocal,$BD10,Part1Empate3V,$CE10)+SUMIFS(FG_GolesVisitante,FGVisitante,$BD10,Part1Empate3L,$CE10)) -> 0 | CG10: =CD10+COUNTIFS($CE$6:$CE$53,CE10,$CF$6:CF$53,">"&CF10,$BC$6:$BC$53,INDEX(T_Equipos[Grupo],MATCH(BD10,T_Equipos[NombreEquipo],0))) -> 1 | CH10: =IF(COUNTIFS($CG$6:$CG$53,CG10,$BC$6:$BC$53,INDEX(T_Equipos[Grupo],MATCH(BD10,T_Equipos[NombreEquipo],0)))=1,"-","P."&CG10&" ("&COUNTIFS($CG$6:$CG$53,CG10,$BC$6:$BC$53,INDEX(T_Equipos[Grupo],MATCH(BD10,T_Equipos[NombreEquipo],0)))&")") -> P.1 (2) | CI10: =IF($CH10="-","-",COUNTIFS(FGLocal,$BD10,Ganador,"Local",Part2Empate4V,$CH10)+COUNTIFS(FGVisitante,$BD10,Ganador,"Visitante",Part2Empate4L,$CH10)) -> 0 | CJ10: =IF($CH10="-","-",COUNTIFS(FGLocal,$BD10,Ganador,"Empate",Part2Empate4V,$CH10)+COUNTIFS(FGVisitante,$BD10,Ganador,"Empate",Part2Empate4L,$CH10)) -> 0 | CK10: =IF($CH10="-","-",COUNTIFS(FGLocal,$BD10,Ganador,"Visitante",Part2Empate4V,$CH10)+COUNTIFS(FGVisitante,$BD10,Ganador,"Local",Part2Empate4L,$CH10)) -> 0 | CL10: =IF($CH10="-","-",CI10*3+CJ10) -> 0 | CM10: =CG10+COUNTIFS($CH$6:$CH$53,CH10,$CL$6:CL$53,">"&CL10,$BC$6:$BC$53,INDEX(T_Equipos[Grupo],MATCH(BD10,T_Equipos[NombreEquipo],0))) -> 1 | CN10: =IF(COUNTIFS($CM$6:$CM$53,CM10,$BC$6:$BC$53,INDEX(T_Equipos[Grupo],MATCH(BD10,T_Equipos[NombreEquipo],0)))=1,"-","P."&CM10&" ("&COUNTIFS($CM$6:$CM$53,CM10,$BC$6:$BC$53,INDEX(T_Equipos[Grupo],MATCH(BD10,T_Equipos[NombreEquipo],0)))&")") -> P.1 (2) | CO10: =IF($CN10="-","-",SUMIFS(FG_GolesLocal,FGLocal,$BD10,Part2Empate5V,$CN10)+SUMIFS(FG_GolesVisitante,FGVisitante,$BD10,Part2Empate5L,$CN10)) -> 0 | CP10: =IF($CN10="-","-",SUMIFS(FG_GolesVisitante,FGLocal,$BD10,Part2Empate5V,$CN10)+SUMIFS(FG_GolesLocal,FGVisitante,$BD10,Part2Empate5L,$CN10)) -> 0 | CQ10: =IF($CN10="-","-",CO10-CP10) -> 0 | CR10: =CM10+COUNTIFS($CN$6:$CN$53,CN10,$CQ$6:CQ$53,">"&CQ10,$BC$6:$BC$53,INDEX(T_Equipos[Grupo],MATCH(BD10,T_Equipos[NombreEquipo],0))) -> 1 | CS10: =IF(COUNTIFS($CR$6:$CR$53,CR10,$BC$6:$BC$53,INDEX(T_Equipos[Grupo],MATCH(BD10,T_Equipos[NombreEquipo],0)))=1,"-","P."&CR10&" ("&COUNTIFS($CR$6:$CR$53,CR10,$BC$6:$BC$53,INDEX(T_Equipos[Grupo],MATCH(BD10,T_Equipos[NombreEquipo],0)))&")") -> P.1 (2) | CT10: =IF($CS10="-","-",SUMIFS(FG_GolesLocal,FGLocal,$BD10,Part2Empate6V,$CS10)+SUMIFS(FG_GolesVisitante,FGVisitante,$BD10,Part2Empate6L,$CS10)) -> 0 | CU10: =CR10+COUNTIFS($CS$6:$CS$53,CS10,$CT$6:CT$53,">"&CT10,$BC$6:$BC$53,INDEX(T_Equipos[Grupo],MATCH(BD10,T_Equipos[NombreEquipo],0))) -> 1 | CV10: =IF(COUNTIFS($CU$6:$CU$53,CU10,$BC$6:$BC$53,INDEX(T_Equipos[Grupo],MATCH(BD10,T_Equipos[NombreEquipo],0)))=1,"-","P."&CU10&" ("&COUNTIFS($CU$6:$CU$53,CU10,$BC$6:$BC$53,INDEX(T_Equipos[Grupo],MATCH(BD10,T_Equipos[NombreEquipo],0)))&")") -> P.1 (2) | CW10: =IF(CV10="-","-",BL10) -> 6 | CX10: =CU10+COUNTIFS($CV$6:$CV$53,CV10,$CW$6:CW$53,">"&CW10,$BC$6:$BC$53,INDEX(T_Equipos[Grupo],MATCH(BD10,T_Equipos[NombreEquipo],0))) -> 1 | CY10: =IF(COUNTIFS($CX$6:$CX$53,CX10,$BC$6:$BC$53,INDEX(T_Equipos[Grupo],MATCH(BD10,T_Equipos[NombreEquipo],0)))=1,"-","P."&CX10&" ("&COUNTIFS($CX$6:$CX$53,CX10,$BC$6:$BC$53,INDEX(T_Equipos[Grupo],MATCH(BD10,T_Equipos[NombreEquipo],0)))&")") -> - | CZ10: =IF(CY10="-","-",BJ10) -> - | DA10: =CX10+COUNTIFS($CY$6:$CY$53,CY10,$CZ$6:CZ$53,">"&CZ10,$BC$6:$BC$53,INDEX(T_Equipos[Grupo],MATCH(BD10,T_Equipos[NombreEquipo],0))) -> 1 | DB10: =IF(COUNTIFS($DA$6:$DA$53,DA10,$BC$6:$BC$53,INDEX(T_Equipos[Grupo],MATCH(BD10,T_Equipos[NombreEquipo],0)))=1,"-","P."&DA10&" ("&COUNTIFS($DA$6:$DA$53,DA10,$BC$6:$BC$53,INDEX(T_Equipos[Grupo],MATCH(BD10,T_Equipos[NombreEquipo],0)))&")") -> - | DC10: =IF(DB10="-","-",COUNTIFS(T_Equipos[Rank],"<"&INDEX(T_Equipos[Rank],MATCH(BD10,T_Equipos[NombreEquipo],0)),$BC$6:$BC$53,INDEX(T_Equipos[Grupo],MATCH(BD10,T_Equipos[NombreEquipo],0)))+1) -> - | DD10: =DA10+COUNTIFS($DB$6:$DB$53,DB10,$DC$6:DC$53,"<"&DC10,$BC$6:$BC$53,INDEX(T_Equipos[Grupo],MATCH(BD10,T_Equipos[NombreEquipo],0))) -> 1 | DF10: =IF(OR(INDEX($AW$6:$AW$97,MATCH($BD10,$AV$6:$AV$97,0))="",DB10="-"),DD10,INDEX($AW$6:$AW$97,MATCH($BD10,$AV$6:$AV$97,0))+DD10/1000) -> 1 | DG10: =IF(DB10="-","-",COUNTIFS(DF$6:DF$53,"<"&DF10,$BC$6:$BC$53,INDEX(T_Equipos[Grupo],MATCH(BD10,T_Equipos[NombreEquipo],0)))) -> - | DH10: =DA10+COUNTIFS(DB$6:DB$53,DB10,DG$6:DG$53,"<"&DG10,$BC$6:$BC$53,INDEX(T_Equipos[Grupo],MATCH(BD10,T_Equipos[NombreEquipo],0))) -> 1 | DJ10: =INDEX($DA$6:$DA$53,MATCH($DQ10,$BD$6:$BD$53,0)) -> 1 | DK10: =+SUMIF($BC$6:$BC$53,BC10,$BF$6:$BF$53) -> 8 | DL10: =IF(OR(DK10=12,$AJ$99=144),COUNTIFS($DJ$6:$DJ$53,DJ10,$BC$6:$BC$53,BC10),1) -> 1 | DM10: =DJ10&"."&DL10 -> 1.1 | DN10: {=OFFSET(Horarios!$P$3,DJ10-1,0,DL10,1)} -> 1 | DP10: 1B | DQ10: =INDEX($BD$6:$BD$53,MATCH(DP10,$BM$6:$BM$53,0)) -> Canadá | DT10: =AA10&"-"&AF10 -> -
X11: =X3 -> Fecha | Y11: =Y3 -> Hora | Z11: =Z3 -> Jor. | AA11: =AA3 -> Casa | AC11: =AC3 -> Gol | AD11: =AD3 -> Gol | AF11: =AF3 -> Fuera | BC11: =+INDEX(T_Equipos[Grupo],MATCH(WORLDCUP!BD11,T_Equipos[NombreEquipo],0)) -> B | BD11: =+Equipos!B7 -> Bosnia y Herzegovina | BE11: =+BG11*3+BH11+IF($AZ$3="no",0,INDEX($AZ$6:$AZ$97,MATCH(BD11,$AY$6:$AY$97,0))) -> 1 | BF11: =+BG11+BH11+BI11 -> 2 | BG11: =+COUNTIFS(FGLocal,BD11,Ganador,"Local")+COUNTIFS(FGVisitante,BD11,Ganador,"Visitante") -> 0 | BH11: =+COUNTIFS(FGLocal,BD11,Ganador,"Empate")+COUNTIFS(FGVisitante,BD11,Ganador,"Empate") -> 1 | BI11: =+COUNTIFS(FGVisitante,BD11,Ganador,"Local")+COUNTIFS(FGLocal,BD11,Ganador,"Visitante") -> 1 | BJ11: =+SUMIFS(FG_GolesLocal,FGLocal,BD11,Ganador,"<>"&"Pendiente",FG_GolesLocal,"<>"&"",FG_GolesVisitante,"<>"&"")+SUMIFS(FG_GolesVisitante,FGVisitante,BD11,Ganador,"<>"&"Pendiente",FG_GolesLocal,"<>"&"",FG_GolesVisitante,"<>"&"") -> 2 | BK11: =+SUMIFS(FG_GolesLocal,FGVisitante,BD11,Ganador,"<>"&"Pendiente",FG_GolesLocal,"<>"&"",FG_GolesVisitante,"<>"&"")+SUMIFS(FG_GolesVisitante,FGLocal,BD11,Ganador,"<>"&"Pendiente",FG_GolesLocal,"<>"&"",FG_GolesVisitante,"<>"&"") -> 5 | BL11: =+BJ11-BK11 -> -3 | BM11: =DD11&BC11 -> 3B | BN11: =DH11&BC11 -> 3B | BO11: =IF(AND($AJ$99=144,BF11>=1),1,0) -> 0 | BP11: =COUNTIFS($BO$6:$BO$53,">"&BO11,$BC$6:$BC$53,INDEX(T_Equipos[Grupo],MATCH(BD11,T_Equipos[NombreEquipo],0)))+1 -> 1 | BQ11: =IF(COUNTIFS($BP$6:$BP$53,BP11,$BC$6:$BC$53,INDEX(T_Equipos[Grupo],MATCH(BD11,T_Equipos[NombreEquipo],0)))=1,"-","P."&BP11&" ("&COUNTIFS($BP$6:$BP$53,BP11,$BC$6:$BC$53,INDEX(T_Equipos[Grupo],MATCH(BD11,T_Equipos[NombreEquipo],0)))&")") -> P.1 (4) | BR11: =IF($BQ11="-","-",BE11) -> 1 | BS11: =BP11+COUNTIFS($BQ$6:$BQ$53,BQ11,$BR$6:BR$53,">"&BR11,$BC$6:$BC$53,INDEX(T_Equipos[Grupo],MATCH(BD11,T_Equipos[NombreEquipo],0))) -> 3 | BT11: =IF(COUNTIFS($BS$6:$BS$53,BS11,$BC$6:$BC$53,INDEX(T_Equipos[Grupo],MATCH(BD11,T_Equipos[NombreEquipo],0)))=1,"-","P."&BS11&" ("&COUNTIFS($BS$6:$BS$53,BS11,$BC$6:$BC$53,INDEX(T_Equipos[Grupo],MATCH(BD11,T_Equipos[NombreEquipo],0)))&")") -> P.3 (2) | BU11: =IF($BT11="-","-",COUNTIFS(FGLocal,$BD11,Ganador,"Local",Part1Empate1V,$BT11)+COUNTIFS(FGVisitante,$BD11,Ganador,"Visitante",Part1Empate1L,$BT11)) -> 0 | BV11: =IF($BT11="-","-",COUNTIFS(FGLocal,$BD11,Ganador,"Empate",Part1Empate1V,$BT11)+COUNTIFS(FGVisitante,$BD11,Ganador,"Empate",Part1Empate1L,$BT11)) -> 0 | BW11: =IF($BT11="-","-",COUNTIFS(FGLocal,$BD11,Ganador,"Visitante",Part1Empate1V,$BT11)+COUNTIFS(FGVisitante,$BD11,Ganador,"Local",Part1Empate1L,$BT11)) -> 0 | BX11: =IF($BT11="-","-",BU11*3+BV11) -> 0 | BY11: =BS11+COUNTIFS($BT$6:$BT$53,BT11,$BX$6:BX$53,">"&BX11,$BC$6:$BC$53,INDEX(T_Equipos[Grupo],MATCH(BD11,T_Equipos[NombreEquipo],0))) -> 3 | BZ11: =IF(COUNTIFS($BY$6:$BY$53,BY11,$BC$6:$BC$53,INDEX(T_Equipos[Grupo],MATCH(BD11,T_Equipos[NombreEquipo],0)))=1,"-","P."&BY11&" ("&COUNTIFS($BY$6:$BY$53,BY11,$BC$6:$BC$53,INDEX(T_Equipos[Grupo],MATCH(BD11,T_Equipos[NombreEquipo],0)))&")") -> P.3 (2) | CA11: =IF($BZ11="-","-",SUMIFS(FG_GolesLocal,FGLocal,$BD11,Part1Empate2V,$BZ11)+SUMIFS(FG_GolesVisitante,FGVisitante,$BD11,Part1Empate2L,$BZ11)) -> 0 | CB11: =IF($BZ11="-","-",SUMIFS(FG_GolesVisitante,FGLocal,$BD11,Part1Empate2V,$BZ11)+SUMIFS(FG_GolesLocal,FGVisitante,$BD11,Part1Empate2L,$BZ11)) -> 0 | CC11: =IF($BZ11="-","-",CA11-CB11) -> 0 | CD11: =BY11+COUNTIFS($BZ$6:$BZ$53,BZ11,$CC$6:CC$53,">"&CC11,$BC$6:$BC$53,INDEX(T_Equipos[Grupo],MATCH(BD11,T_Equipos[NombreEquipo],0))) -> 3 | CE11: =IF(COUNTIFS($CD$6:$CD$53,CD11,$BC$6:$BC$53,INDEX(T_Equipos[Grupo],MATCH(BD11,T_Equipos[NombreEquipo],0)))=1,"-","P."&CD11&" ("&COUNTIFS($CD$6:$CD$53,CD11,$BC$6:$BC$53,INDEX(T_Equipos[Grupo],MATCH(BD11,T_Equipos[NombreEquipo],0)))&")") -> P.3 (2) | CF11: =IF($CE11="-","-",SUMIFS(FG_GolesLocal,FGLocal,$BD11,Part1Empate3V,$CE11)+SUMIFS(FG_GolesVisitante,FGVisitante,$BD11,Part1Empate3L,$CE11)) -> 0 | CG11: =CD11+COUNTIFS($CE$6:$CE$53,CE11,$CF$6:CF$53,">"&CF11,$BC$6:$BC$53,INDEX(T_Equipos[Grupo],MATCH(BD11,T_Equipos[NombreEquipo],0))) -> 3 | CH11: =IF(COUNTIFS($CG$6:$CG$53,CG11,$BC$6:$BC$53,INDEX(T_Equipos[Grupo],MATCH(BD11,T_Equipos[NombreEquipo],0)))=1,"-","P."&CG11&" ("&COUNTIFS($CG$6:$CG$53,CG11,$BC$6:$BC$53,INDEX(T_Equipos[Grupo],MATCH(BD11,T_Equipos[NombreEquipo],0)))&")") -> P.3 (2) | CI11: =IF($CH11="-","-",COUNTIFS(FGLocal,$BD11,Ganador,"Local",Part2Empate4V,$CH11)+COUNTIFS(FGVisitante,$BD11,Ganador,"Visitante",Part2Empate4L,$CH11)) -> 0 | CJ11: =IF($CH11="-","-",COUNTIFS(FGLocal,$BD11,Ganador,"Empate",Part2Empate4V,$CH11)+COUNTIFS(FGVisitante,$BD11,Ganador,"Empate",Part2Empate4L,$CH11)) -> 0 | CK11: =IF($CH11="-","-",COUNTIFS(FGLocal,$BD11,Ganador,"Visitante",Part2Empate4V,$CH11)+COUNTIFS(FGVisitante,$BD11,Ganador,"Local",Part2Empate4L,$CH11)) -> 0 | CL11: =IF($CH11="-","-",CI11*3+CJ11) -> 0 | CM11: =CG11+COUNTIFS($CH$6:$CH$53,CH11,$CL$6:CL$53,">"&CL11,$BC$6:$BC$53,INDEX(T_Equipos[Grupo],MATCH(BD11,T_Equipos[NombreEquipo],0))) -> 3 | CN11: =IF(COUNTIFS($CM$6:$CM$53,CM11,$BC$6:$BC$53,INDEX(T_Equipos[Grupo],MATCH(BD11,T_Equipos[NombreEquipo],0)))=1,"-","P."&CM11&" ("&COUNTIFS($CM$6:$CM$53,CM11,$BC$6:$BC$53,INDEX(T_Equipos[Grupo],MATCH(BD11,T_Equipos[NombreEquipo],0)))&")") -> P.3 (2) | CO11: =IF($CN11="-","-",SUMIFS(FG_GolesLocal,FGLocal,$BD11,Part2Empate5V,$CN11)+SUMIFS(FG_GolesVisitante,FGVisitante,$BD11,Part2Empate5L,$CN11)) -> 0 | CP11: =IF($CN11="-","-",SUMIFS(FG_GolesVisitante,FGLocal,$BD11,Part2Empate5V,$CN11)+SUMIFS(FG_GolesLocal,FGVisitante,$BD11,Part2Empate5L,$CN11)) -> 0 | CQ11: =IF($CN11="-","-",CO11-CP11) -> 0 | CR11: =CM11+COUNTIFS($CN$6:$CN$53,CN11,$CQ$6:CQ$53,">"&CQ11,$BC$6:$BC$53,INDEX(T_Equipos[Grupo],MATCH(BD11,T_Equipos[NombreEquipo],0))) -> 3 | CS11: =IF(COUNTIFS($CR$6:$CR$53,CR11,$BC$6:$BC$53,INDEX(T_Equipos[Grupo],MATCH(BD11,T_Equipos[NombreEquipo],0)))=1,"-","P."&CR11&" ("&COUNTIFS($CR$6:$CR$53,CR11,$BC$6:$BC$53,INDEX(T_Equipos[Grupo],MATCH(BD11,T_Equipos[NombreEquipo],0)))&")") -> P.3 (2) | CT11: =IF($CS11="-","-",SUMIFS(FG_GolesLocal,FGLocal,$BD11,Part2Empate6V,$CS11)+SUMIFS(FG_GolesVisitante,FGVisitante,$BD11,Part2Empate6L,$CS11)) -> 0 | CU11: =CR11+COUNTIFS($CS$6:$CS$53,CS11,$CT$6:CT$53,">"&CT11,$BC$6:$BC$53,INDEX(T_Equipos[Grupo],MATCH(BD11,T_Equipos[NombreEquipo],0))) -> 3 | CV11: =IF(COUNTIFS($CU$6:$CU$53,CU11,$BC$6:$BC$53,INDEX(T_Equipos[Grupo],MATCH(BD11,T_Equipos[NombreEquipo],0)))=1,"-","P."&CU11&" ("&COUNTIFS($CU$6:$CU$53,CU11,$BC$6:$BC$53,INDEX(T_Equipos[Grupo],MATCH(BD11,T_Equipos[NombreEquipo],0)))&")") -> P.3 (2) | CW11: =IF(CV11="-","-",BL11) -> -3 | CX11: =CU11+COUNTIFS($CV$6:$CV$53,CV11,$CW$6:CW$53,">"&CW11,$BC$6:$BC$53,INDEX(T_Equipos[Grupo],MATCH(BD11,T_Equipos[NombreEquipo],0))) -> 3 | CY11: =IF(COUNTIFS($CX$6:$CX$53,CX11,$BC$6:$BC$53,INDEX(T_Equipos[Grupo],MATCH(BD11,T_Equipos[NombreEquipo],0)))=1,"-","P."&CX11&" ("&COUNTIFS($CX$6:$CX$53,CX11,$BC$6:$BC$53,INDEX(T_Equipos[Grupo],MATCH(BD11,T_Equipos[NombreEquipo],0)))&")") -> - | CZ11: =IF(CY11="-","-",BJ11) -> - | DA11: =CX11+COUNTIFS($CY$6:$CY$53,CY11,$CZ$6:CZ$53,">"&CZ11,$BC$6:$BC$53,INDEX(T_Equipos[Grupo],MATCH(BD11,T_Equipos[NombreEquipo],0))) -> 3 | DB11: =IF(COUNTIFS($DA$6:$DA$53,DA11,$BC$6:$BC$53,INDEX(T_Equipos[Grupo],MATCH(BD11,T_Equipos[NombreEquipo],0)))=1,"-","P."&DA11&" ("&COUNTIFS($DA$6:$DA$53,DA11,$BC$6:$BC$53,INDEX(T_Equipos[Grupo],MATCH(BD11,T_Equipos[NombreEquipo],0)))&")") -> - | DC11: =IF(DB11="-","-",COUNTIFS(T_Equipos[Rank],"<"&INDEX(T_Equipos[Rank],MATCH(BD11,T_Equipos[NombreEquipo],0)),$BC$6:$BC$53,INDEX(T_Equipos[Grupo],MATCH(BD11,T_Equipos[NombreEquipo],0)))+1) -> - | DD11: =DA11+COUNTIFS($DB$6:$DB$53,DB11,$DC$6:DC$53,"<"&DC11,$BC$6:$BC$53,INDEX(T_Equipos[Grupo],MATCH(BD11,T_Equipos[NombreEquipo],0))) -> 3 | DF11: =IF(OR(INDEX($AW$6:$AW$97,MATCH($BD11,$AV$6:$AV$97,0))="",DB11="-"),DD11,INDEX($AW$6:$AW$97,MATCH($BD11,$AV$6:$AV$97,0))+DD11/1000) -> 3 | DG11: =IF(DB11="-","-",COUNTIFS(DF$6:DF$53,"<"&DF11,$BC$6:$BC$53,INDEX(T_Equipos[Grupo],MATCH(BD11,T_Equipos[NombreEquipo],0)))) -> - | DH11: =DA11+COUNTIFS(DB$6:DB$53,DB11,DG$6:DG$53,"<"&DG11,$BC$6:$BC$53,INDEX(T_Equipos[Grupo],MATCH(BD11,T_Equipos[NombreEquipo],0))) -> 3 | DJ11: =INDEX($DA$6:$DA$53,MATCH($DQ11,$BD$6:$BD$53,0)) -> 2 | DK11: =+SUMIF($BC$6:$BC$53,BC11,$BF$6:$BF$53) -> 8 | DL11: =IF(OR(DK11=12,$AJ$99=144),COUNTIFS($DJ$6:$DJ$53,DJ11,$BC$6:$BC$53,BC11),1) -> 1 | DM11: =DJ11&"."&DL11 -> 2.1 | DN11: {=OFFSET(Horarios!$P$3,DJ11-1,0,DL11,1)} -> 2 | DP11: 2B | DQ11: =INDEX($BD$6:$BD$53,MATCH(DP11,$BM$6:$BM$53,0)) -> Suiza | DT11: =AA11&"-"&AF11 -> Casa-Fuera
A12: NombreEquipo | B12: B | C12: =COUNTIF(Equipos!$C$2:$C$49,WORLDCUP!B12) -> 4 | D12: =IF(OR(AC12="",AD12=""),"Pendiente",IF(AC12>AD12,"Local",IF(AC12<AD12,"Visitante","Empate"))) -> Empate | E12: =IF(D12="Pendiente","-",INDEX($BT$6:$BT$53,MATCH($AA12,$BD$6:$BD$53,0))) -> P.1 (2) | F12: =IF(D12="Pendiente","-",INDEX($BT$6:$BT$53,MATCH($AF12,$BD$6:$BD$53,0))) -> P.3 (2) | H12: =IF(D12="Pendiente","-",INDEX($BZ$6:$BZ$53,MATCH($AA12,$BD$6:$BD$53,0))) -> P.1 (2) | I12: =IF(D12="Pendiente","-",INDEX($BZ$6:$BZ$53,MATCH($AF12,$BD$6:$BD$53,0))) -> P.3 (2) | K12: =IF(D12="Pendiente","-",INDEX($CE$6:$CE$53,MATCH($AA12,$BD$6:$BD$53,0))) -> P.1 (2) | L12: =IF(D12="Pendiente","-",INDEX($CE$6:$CE$53,MATCH($AF12,$BD$6:$BD$53,0))) -> P.3 (2) | N12: =IF(D12="Pendiente","-",INDEX($CH$6:$CH$53,MATCH($AA12,$BD$6:$BD$53,0))) -> P.1 (2) | O12: =IF(D12="Pendiente","-",INDEX($CH$6:$CH$53,MATCH($AF12,$BD$6:$BD$53,0))) -> P.3 (2) | Q12: =IF(D12="Pendiente","-",INDEX($CN$6:$CN$53,MATCH($AA12,$BD$6:$BD$53,0))) -> P.1 (2) | R12: =IF(D12="Pendiente","-",INDEX($CN$6:$CN$53,MATCH($AF12,$BD$6:$BD$53,0))) -> P.3 (2) | T12: =IF(D12="Pendiente","-",INDEX($CS$6:$CS$53,MATCH($AA12,$BD$6:$BD$53,0))) -> P.1 (2) | U12: =IF(D12="Pendiente","-",INDEX($CS$6:$CS$53,MATCH($AF12,$BD$6:$BD$53,0))) -> P.3 (2) | W12: B | X12: =Horarios!C12 -> 46185.875 | Y12: =Horarios!C12 -> 46185.875 | Z12: =$Z$4 -> J1 | AA12: =A13 -> Canadá | AB12: {=Ver_flag_local} -> #VALUE! | AC12: 1 | AD12: 1 | AE12: {=Ver_flag_visit} -> #VALUE! | AF12: =A14 -> Bosnia y Herzegovina | AG12: =IF(NOT(OR(ISBLANK(AC12),ISBLANK(AD12))),1,0) -> 1 | AH12: 3 | AJ12: =CONCATENATE(AJ3," ",B12) -> Grupo B | AV12: =IF(AU13>0,$AV$3,"") | BC12: =+INDEX(T_Equipos[Grupo],MATCH(WORLDCUP!BD12,T_Equipos[NombreEquipo],0)) -> B | BD12: =+Equipos!B8 -> Catar | BE12: =+BG12*3+BH12+IF($AZ$3="no",0,INDEX($AZ$6:$AZ$97,MATCH(BD12,$AY$6:$AY$97,0))) -> 1 | BF12: =+BG12+BH12+BI12 -> 2 | BG12: =+COUNTIFS(FGLocal,BD12,Ganador,"Local")+COUNTIFS(FGVisitante,BD12,Ganador,"Visitante") -> 0 | BH12: =+COUNTIFS(FGLocal,BD12,Ganador,"Empate")+COUNTIFS(FGVisitante,BD12,Ganador,"Empate") -> 1 | BI12: =+COUNTIFS(FGVisitante,BD12,Ganador,"Local")+COUNTIFS(FGLocal,BD12,Ganador,"Visitante") -> 1 | BJ12: =+SUMIFS(FG_GolesLocal,FGLocal,BD12,Ganador,"<>"&"Pendiente",FG_GolesLocal,"<>"&"",FG_GolesVisitante,"<>"&"")+SUMIFS(FG_GolesVisitante,FGVisitante,BD12,Ganador,"<>"&"Pendiente",FG_GolesLocal,"<>"&"",FG_GolesVisitante,"<>"&"") -> 1 | BK12: =+SUMIFS(FG_GolesLocal,FGVisitante,BD12,Ganador,"<>"&"Pendiente",FG_GolesLocal,"<>"&"",FG_GolesVisitante,"<>"&"")+SUMIFS(FG_GolesVisitante,FGLocal,BD12,Ganador,"<>"&"Pendiente",FG_GolesLocal,"<>"&"",FG_GolesVisitante,"<>"&"") -> 7 | BL12: =+BJ12-BK12 -> -6 | BM12: =DD12&BC12 -> 4B | BN12: =DH12&BC12 -> 4B | BO12: =IF(AND($AJ$99=144,BF12>=1),1,0) -> 0 | BP12: =COUNTIFS($BO$6:$BO$53,">"&BO12,$BC$6:$BC$53,INDEX(T_Equipos[Grupo],MATCH(BD12,T_Equipos[NombreEquipo],0)))+1 -> 1 | BQ12: =IF(COUNTIFS($BP$6:$BP$53,BP12,$BC$6:$BC$53,INDEX(T_Equipos[Grupo],MATCH(BD12,T_Equipos[NombreEquipo],0)))=1,"-","P."&BP12&" ("&COUNTIFS($BP$6:$BP$53,BP12,$BC$6:$BC$53,INDEX(T_Equipos[Grupo],MATCH(BD12,T_Equipos[NombreEquipo],0)))&")") -> P.1 (4) | BR12: =IF($BQ12="-","-",BE12) -> 1 | BS12: =BP12+COUNTIFS($BQ$6:$BQ$53,BQ12,$BR$6:BR$53,">"&BR12,$BC$6:$BC$53,INDEX(T_Equipos[Grupo],MATCH(BD12,T_Equipos[NombreEquipo],0))) -> 3 | BT12: =IF(COUNTIFS($BS$6:$BS$53,BS12,$BC$6:$BC$53,INDEX(T_Equipos[Grupo],MATCH(BD12,T_Equipos[NombreEquipo],0)))=1,"-","P."&BS12&" ("&COUNTIFS($BS$6:$BS$53,BS12,$BC$6:$BC$53,INDEX(T_Equipos[Grupo],MATCH(BD12,T_Equipos[NombreEquipo],0)))&")") -> P.3 (2) | BU12: =IF($BT12="-","-",COUNTIFS(FGLocal,$BD12,Ganador,"Local",Part1Empate1V,$BT12)+COUNTIFS(FGVisitante,$BD12,Ganador,"Visitante",Part1Empate1L,$BT12)) -> 0 | BV12: =IF($BT12="-","-",COUNTIFS(FGLocal,$BD12,Ganador,"Empate",Part1Empate1V,$BT12)+COUNTIFS(FGVisitante,$BD12,Ganador,"Empate",Part1Empate1L,$BT12)) -> 0 | BW12: =IF($BT12="-","-",COUNTIFS(FGLocal,$BD12,Ganador,"Visitante",Part1Empate1V,$BT12)+COUNTIFS(FGVisitante,$BD12,Ganador,"Local",Part1Empate1L,$BT12)) -> 0 | BX12: =IF($BT12="-","-",BU12*3+BV12) -> 0 | BY12: =BS12+COUNTIFS($BT$6:$BT$53,BT12,$BX$6:BX$53,">"&BX12,$BC$6:$BC$53,INDEX(T_Equipos[Grupo],MATCH(BD12,T_Equipos[NombreEquipo],0))) -> 3 | BZ12: =IF(COUNTIFS($BY$6:$BY$53,BY12,$BC$6:$BC$53,INDEX(T_Equipos[Grupo],MATCH(BD12,T_Equipos[NombreEquipo],0)))=1,"-","P."&BY12&" ("&COUNTIFS($BY$6:$BY$53,BY12,$BC$6:$BC$53,INDEX(T_Equipos[Grupo],MATCH(BD12,T_Equipos[NombreEquipo],0)))&")") -> P.3 (2) | CA12: =IF($BZ12="-","-",SUMIFS(FG_GolesLocal,FGLocal,$BD12,Part1Empate2V,$BZ12)+SUMIFS(FG_GolesVisitante,FGVisitante,$BD12,Part1Empate2L,$BZ12)) -> 0 | CB12: =IF($BZ12="-","-",SUMIFS(FG_GolesVisitante,FGLocal,$BD12,Part1Empate2V,$BZ12)+SUMIFS(FG_GolesLocal,FGVisitante,$BD12,Part1Empate2L,$BZ12)) -> 0 | CC12: =IF($BZ12="-","-",CA12-CB12) -> 0 | CD12: =BY12+COUNTIFS($BZ$6:$BZ$53,BZ12,$CC$6:CC$53,">"&CC12,$BC$6:$BC$53,INDEX(T_Equipos[Grupo],MATCH(BD12,T_Equipos[NombreEquipo],0))) -> 3 | CE12: =IF(COUNTIFS($CD$6:$CD$53,CD12,$BC$6:$BC$53,INDEX(T_Equipos[Grupo],MATCH(BD12,T_Equipos[NombreEquipo],0)))=1,"-","P."&CD12&" ("&COUNTIFS($CD$6:$CD$53,CD12,$BC$6:$BC$53,INDEX(T_Equipos[Grupo],MATCH(BD12,T_Equipos[NombreEquipo],0)))&")") -> P.3 (2) | CF12: =IF($CE12="-","-",SUMIFS(FG_GolesLocal,FGLocal,$BD12,Part1Empate3V,$CE12)+SUMIFS(FG_GolesVisitante,FGVisitante,$BD12,Part1Empate3L,$CE12)) -> 0 | CG12: =CD12+COUNTIFS($CE$6:$CE$53,CE12,$CF$6:CF$53,">"&CF12,$BC$6:$BC$53,INDEX(T_Equipos[Grupo],MATCH(BD12,T_Equipos[NombreEquipo],0))) -> 3 | CH12: =IF(COUNTIFS($CG$6:$CG$53,CG12,$BC$6:$BC$53,INDEX(T_Equipos[Grupo],MATCH(BD12,T_Equipos[NombreEquipo],0)))=1,"-","P."&CG12&" ("&COUNTIFS($CG$6:$CG$53,CG12,$BC$6:$BC$53,INDEX(T_Equipos[Grupo],MATCH(BD12,T_Equipos[NombreEquipo],0)))&")") -> P.3 (2) | CI12: =IF($CH12="-","-",COUNTIFS(FGLocal,$BD12,Ganador,"Local",Part2Empate4V,$CH12)+COUNTIFS(FGVisitante,$BD12,Ganador,"Visitante",Part2Empate4L,$CH12)) -> 0 | CJ12: =IF($CH12="-","-",COUNTIFS(FGLocal,$BD12,Ganador,"Empate",Part2Empate4V,$CH12)+COUNTIFS(FGVisitante,$BD12,Ganador,"Empate",Part2Empate4L,$CH12)) -> 0 | CK12: =IF($CH12="-","-",COUNTIFS(FGLocal,$BD12,Ganador,"Visitante",Part2Empate4V,$CH12)+COUNTIFS(FGVisitante,$BD12,Ganador,"Local",Part2Empate4L,$CH12)) -> 0 | CL12: =IF($CH12="-","-",CI12*3+CJ12) -> 0 | CM12: =CG12+COUNTIFS($CH$6:$CH$53,CH12,$CL$6:CL$53,">"&CL12,$BC$6:$BC$53,INDEX(T_Equipos[Grupo],MATCH(BD12,T_Equipos[NombreEquipo],0))) -> 3 | CN12: =IF(COUNTIFS($CM$6:$CM$53,CM12,$BC$6:$BC$53,INDEX(T_Equipos[Grupo],MATCH(BD12,T_Equipos[NombreEquipo],0)))=1,"-","P."&CM12&" ("&COUNTIFS($CM$6:$CM$53,CM12,$BC$6:$BC$53,INDEX(T_Equipos[Grupo],MATCH(BD12,T_Equipos[NombreEquipo],0)))&")") -> P.3 (2) | CO12: =IF($CN12="-","-",SUMIFS(FG_GolesLocal,FGLocal,$BD12,Part2Empate5V,$CN12)+SUMIFS(FG_GolesVisitante,FGVisitante,$BD12,Part2Empate5L,$CN12)) -> 0 | CP12: =IF($CN12="-","-",SUMIFS(FG_GolesVisitante,FGLocal,$BD12,Part2Empate5V,$CN12)+SUMIFS(FG_GolesLocal,FGVisitante,$BD12,Part2Empate5L,$CN12)) -> 0 | CQ12: =IF($CN12="-","-",CO12-CP12) -> 0 | CR12: =CM12+COUNTIFS($CN$6:$CN$53,CN12,$CQ$6:CQ$53,">"&CQ12,$BC$6:$BC$53,INDEX(T_Equipos[Grupo],MATCH(BD12,T_Equipos[NombreEquipo],0))) -> 3 | CS12: =IF(COUNTIFS($CR$6:$CR$53,CR12,$BC$6:$BC$53,INDEX(T_Equipos[Grupo],MATCH(BD12,T_Equipos[NombreEquipo],0)))=1,"-","P."&CR12&" ("&COUNTIFS($CR$6:$CR$53,CR12,$BC$6:$BC$53,INDEX(T_Equipos[Grupo],MATCH(BD12,T_Equipos[NombreEquipo],0)))&")") -> P.3 (2) | CT12: =IF($CS12="-","-",SUMIFS(FG_GolesLocal,FGLocal,$BD12,Part2Empate6V,$CS12)+SUMIFS(FG_GolesVisitante,FGVisitante,$BD12,Part2Empate6L,$CS12)) -> 0 | CU12: =CR12+COUNTIFS($CS$6:$CS$53,CS12,$CT$6:CT$53,">"&CT12,$BC$6:$BC$53,INDEX(T_Equipos[Grupo],MATCH(BD12,T_Equipos[NombreEquipo],0))) -> 3 | CV12: =IF(COUNTIFS($CU$6:$CU$53,CU12,$BC$6:$BC$53,INDEX(T_Equipos[Grupo],MATCH(BD12,T_Equipos[NombreEquipo],0)))=1,"-","P."&CU12&" ("&COUNTIFS($CU$6:$CU$53,CU12,$BC$6:$BC$53,INDEX(T_Equipos[Grupo],MATCH(BD12,T_Equipos[NombreEquipo],0)))&")") -> P.3 (2) | CW12: =IF(CV12="-","-",BL12) -> -6 | CX12: =CU12+COUNTIFS($CV$6:$CV$53,CV12,$CW$6:CW$53,">"&CW12,$BC$6:$BC$53,INDEX(T_Equipos[Grupo],MATCH(BD12,T_Equipos[NombreEquipo],0))) -> 4 | CY12: =IF(COUNTIFS($CX$6:$CX$53,CX12,$BC$6:$BC$53,INDEX(T_Equipos[Grupo],MATCH(BD12,T_Equipos[NombreEquipo],0)))=1,"-","P."&CX12&" ("&COUNTIFS($CX$6:$CX$53,CX12,$BC$6:$BC$53,INDEX(T_Equipos[Grupo],MATCH(BD12,T_Equipos[NombreEquipo],0)))&")") -> - | CZ12: =IF(CY12="-","-",BJ12) -> - | DA12: =CX12+COUNTIFS($CY$6:$CY$53,CY12,$CZ$6:CZ$53,">"&CZ12,$BC$6:$BC$53,INDEX(T_Equipos[Grupo],MATCH(BD12,T_Equipos[NombreEquipo],0))) -> 4 | DB12: =IF(COUNTIFS($DA$6:$DA$53,DA12,$BC$6:$BC$53,INDEX(T_Equipos[Grupo],MATCH(BD12,T_Equipos[NombreEquipo],0)))=1,"-","P."&DA12&" ("&COUNTIFS($DA$6:$DA$53,DA12,$BC$6:$BC$53,INDEX(T_Equipos[Grupo],MATCH(BD12,T_Equipos[NombreEquipo],0)))&")") -> - | DC12: =IF(DB12="-","-",COUNTIFS(T_Equipos[Rank],"<"&INDEX(T_Equipos[Rank],MATCH(BD12,T_Equipos[NombreEquipo],0)),$BC$6:$BC$53,INDEX(T_Equipos[Grupo],MATCH(BD12,T_Equipos[NombreEquipo],0)))+1) -> - | DD12: =DA12+COUNTIFS($DB$6:$DB$53,DB12,$DC$6:DC$53,"<"&DC12,$BC$6:$BC$53,INDEX(T_Equipos[Grupo],MATCH(BD12,T_Equipos[NombreEquipo],0))) -> 4 | DF12: =IF(OR(INDEX($AW$6:$AW$97,MATCH($BD12,$AV$6:$AV$97,0))="",DB12="-"),DD12,INDEX($AW$6:$AW$97,MATCH($BD12,$AV$6:$AV$97,0))+DD12/1000) -> 4 | DG12: =IF(DB12="-","-",COUNTIFS(DF$6:DF$53,"<"&DF12,$BC$6:$BC$53,INDEX(T_Equipos[Grupo],MATCH(BD12,T_Equipos[NombreEquipo],0)))) -> - | DH12: =DA12+COUNTIFS(DB$6:DB$53,DB12,DG$6:DG$53,"<"&DG12,$BC$6:$BC$53,INDEX(T_Equipos[Grupo],MATCH(BD12,T_Equipos[NombreEquipo],0))) -> 4 | DJ12: =INDEX($DA$6:$DA$53,MATCH($DQ12,$BD$6:$BD$53,0)) -> 3 | DK12: =+SUMIF($BC$6:$BC$53,BC12,$BF$6:$BF$53) -> 8 | DL12: =IF(OR(DK12=12,$AJ$99=144),COUNTIFS($DJ$6:$DJ$53,DJ12,$BC$6:$BC$53,BC12),1) -> 1 | DM12: =DJ12&"."&DL12 -> 3.1 | DN12: {=OFFSET(Horarios!$P$3,DJ12-1,0,DL12,1)} -> 3 | DP12: 3B | DQ12: =INDEX($BD$6:$BD$53,MATCH(DP12,$BM$6:$BM$53,0)) -> Bosnia y Herzegovina | DT12: =AA12&"-"&AF12 -> Canadá-Bosnia y Herzegovina
A13: =+Equipos!B6 -> Canadá | D13: =IF(OR(AC13="",AD13=""),"Pendiente",IF(AC13>AD13,"Local",IF(AC13<AD13,"Visitante","Empate"))) -> Empate | E13: =IF(D13="Pendiente","-",INDEX($BT$6:$BT$53,MATCH($AA13,$BD$6:$BD$53,0))) -> P.3 (2) | F13: =IF(D13="Pendiente","-",INDEX($BT$6:$BT$53,MATCH($AF13,$BD$6:$BD$53,0))) -> P.1 (2) | H13: =IF(D13="Pendiente","-",INDEX($BZ$6:$BZ$53,MATCH($AA13,$BD$6:$BD$53,0))) -> P.3 (2) | I13: =IF(D13="Pendiente","-",INDEX($BZ$6:$BZ$53,MATCH($AF13,$BD$6:$BD$53,0))) -> P.1 (2) | K13: =IF(D13="Pendiente","-",INDEX($CE$6:$CE$53,MATCH($AA13,$BD$6:$BD$53,0))) -> P.3 (2) | L13: =IF(D13="Pendiente","-",INDEX($CE$6:$CE$53,MATCH($AF13,$BD$6:$BD$53,0))) -> P.1 (2) | N13: =IF(D13="Pendiente","-",INDEX($CH$6:$CH$53,MATCH($AA13,$BD$6:$BD$53,0))) -> P.3 (2) | O13: =IF(D13="Pendiente","-",INDEX($CH$6:$CH$53,MATCH($AF13,$BD$6:$BD$53,0))) -> P.1 (2) | Q13: =IF(D13="Pendiente","-",INDEX($CN$6:$CN$53,MATCH($AA13,$BD$6:$BD$53,0))) -> P.3 (2) | R13: =IF(D13="Pendiente","-",INDEX($CN$6:$CN$53,MATCH($AF13,$BD$6:$BD$53,0))) -> P.1 (2) | T13: =IF(D13="Pendiente","-",INDEX($CS$6:$CS$53,MATCH($AA13,$BD$6:$BD$53,0))) -> P.3 (2) | U13: =IF(D13="Pendiente","-",INDEX($CS$6:$CS$53,MATCH($AF13,$BD$6:$BD$53,0))) -> P.1 (2) | X13: =Horarios!C13 -> 46186.875 | Y13: =Horarios!C13 -> 46186.875 | Z13: =$Z$4 -> J1 | AA13: =A15 -> Catar | AB13: {=Ver_flag_local} -> #VALUE! | AC13: 1 | AD13: 1 | AE13: {=Ver_flag_visit} -> #VALUE! | AF13: =A16 -> Suiza | AG13: =IF(NOT(OR(ISBLANK(AC13),ISBLANK(AD13))),1,0) -> 1 | AH13: 8 | AJ13: =AJ5 -> Pos | AL13: =AL5 -> Selección | AM13: =AM5 -> Pts | AN13: =AN5 -> J | AO13: =AO5 -> G | AP13: =AP5 -> E | AQ13: =AQ5 -> P | AR13: =AR5 -> GF | AS13: =AS5 -> GC | AT13: =AT5 -> DG | AU13: =COUNTIF(AU14:AU17,">1") -> 0 | AY13: =AL13 -> Selección | AZ13: =+Idiomas!$D$69 -> Puntos penalizados | BC13: =+INDEX(T_Equipos[Grupo],MATCH(WORLDCUP!BD13,T_Equipos[NombreEquipo],0)) -> B | BD13: =+Equipos!B9 -> Suiza | BE13: =+BG13*3+BH13+IF($AZ$3="no",0,INDEX($AZ$6:$AZ$97,MATCH(BD13,$AY$6:$AY$97,0))) -> 4 | BF13: =+BG13+BH13+BI13 -> 2 | BG13: =+COUNTIFS(FGLocal,BD13,Ganador,"Local")+COUNTIFS(FGVisitante,BD13,Ganador,"Visitante") -> 1 | BH13: =+COUNTIFS(FGLocal,BD13,Ganador,"Empate")+COUNTIFS(FGVisitante,BD13,Ganador,"Empate") -> 1 | BI13: =+COUNTIFS(FGVisitante,BD13,Ganador,"Local")+COUNTIFS(FGLocal,BD13,Ganador,"Visitante") -> 0 | BJ13: =+SUMIFS(FG_GolesLocal,FGLocal,BD13,Ganador,"<>"&"Pendiente",FG_GolesLocal,"<>"&"",FG_GolesVisitante,"<>"&"")+SUMIFS(FG_GolesVisitante,FGVisitante,BD13,Ganador,"<>"&"Pendiente",FG_GolesLocal,"<>"&"",FG_GolesVisitante,"<>"&"") -> 5 | BK13: =+SUMIFS(FG_GolesLocal,FGVisitante,BD13,Ganador,"<>"&"Pendiente",FG_GolesLocal,"<>"&"",FG_GolesVisitante,"<>"&"")+SUMIFS(FG_GolesVisitante,FGLocal,BD13,Ganador,"<>"&"Pendiente",FG_GolesLocal,"<>"&"",FG_GolesVisitante,"<>"&"") -> 2 | BL13: =+BJ13-BK13 -> 3 | BM13: =DD13&BC13 -> 2B | BN13: =DH13&BC13 -> 2B | BO13: =IF(AND($AJ$99=144,BF13>=1),1,0) -> 0 | BP13: =COUNTIFS($BO$6:$BO$53,">"&BO13,$BC$6:$BC$53,INDEX(T_Equipos[Grupo],MATCH(BD13,T_Equipos[NombreEquipo],0)))+1 -> 1 | BQ13: =IF(COUNTIFS($BP$6:$BP$53,BP13,$BC$6:$BC$53,INDEX(T_Equipos[Grupo],MATCH(BD13,T_Equipos[NombreEquipo],0)))=1,"-","P."&BP13&" ("&COUNTIFS($BP$6:$BP$53,BP13,$BC$6:$BC$53,INDEX(T_Equipos[Grupo],MATCH(BD13,T_Equipos[NombreEquipo],0)))&")") -> P.1 (4) | BR13: =IF($BQ13="-","-",BE13) -> 4 | BS13: =BP13+COUNTIFS($BQ$6:$BQ$53,BQ13,$BR$6:BR$53,">"&BR13,$BC$6:$BC$53,INDEX(T_Equipos[Grupo],MATCH(BD13,T_Equipos[NombreEquipo],0))) -> 1 | BT13: =IF(COUNTIFS($BS$6:$BS$53,BS13,$BC$6:$BC$53,INDEX(T_Equipos[Grupo],MATCH(BD13,T_Equipos[NombreEquipo],0)))=1,"-","P."&BS13&" ("&COUNTIFS($BS$6:$BS$53,BS13,$BC$6:$BC$53,INDEX(T_Equipos[Grupo],MATCH(BD13,T_Equipos[NombreEquipo],0)))&")") -> P.1 (2) | BU13: =IF($BT13="-","-",COUNTIFS(FGLocal,$BD13,Ganador,"Local",Part1Empate1V,$BT13)+COUNTIFS(FGVisitante,$BD13,Ganador,"Visitante",Part1Empate1L,$BT13)) -> 0 | BV13: =IF($BT13="-","-",COUNTIFS(FGLocal,$BD13,Ganador,"Empate",Part1Empate1V,$BT13)+COUNTIFS(FGVisitante,$BD13,Ganador,"Empate",Part1Empate1L,$BT13)) -> 0 | BW13: =IF($BT13="-","-",COUNTIFS(FGLocal,$BD13,Ganador,"Visitante",Part1Empate1V,$BT13)+COUNTIFS(FGVisitante,$BD13,Ganador,"Local",Part1Empate1L,$BT13)) -> 0 | BX13: =IF($BT13="-","-",BU13*3+BV13) -> 0 | BY13: =BS13+COUNTIFS($BT$6:$BT$53,BT13,$BX$6:BX$53,">"&BX13,$BC$6:$BC$53,INDEX(T_Equipos[Grupo],MATCH(BD13,T_Equipos[NombreEquipo],0))) -> 1 | BZ13: =IF(COUNTIFS($BY$6:$BY$53,BY13,$BC$6:$BC$53,INDEX(T_Equipos[Grupo],MATCH(BD13,T_Equipos[NombreEquipo],0)))=1,"-","P."&BY13&" ("&COUNTIFS($BY$6:$BY$53,BY13,$BC$6:$BC$53,INDEX(T_Equipos[Grupo],MATCH(BD13,T_Equipos[NombreEquipo],0)))&")") -> P.1 (2) | CA13: =IF($BZ13="-","-",SUMIFS(FG_GolesLocal,FGLocal,$BD13,Part1Empate2V,$BZ13)+SUMIFS(FG_GolesVisitante,FGVisitante,$BD13,Part1Empate2L,$BZ13)) -> 0 | CB13: =IF($BZ13="-","-",SUMIFS(FG_GolesVisitante,FGLocal,$BD13,Part1Empate2V,$BZ13)+SUMIFS(FG_GolesLocal,FGVisitante,$BD13,Part1Empate2L,$BZ13)) -> 0 | CC13: =IF($BZ13="-","-",CA13-CB13) -> 0 | CD13: =BY13+COUNTIFS($BZ$6:$BZ$53,BZ13,$CC$6:CC$53,">"&CC13,$BC$6:$BC$53,INDEX(T_Equipos[Grupo],MATCH(BD13,T_Equipos[NombreEquipo],0))) -> 1 | CE13: =IF(COUNTIFS($CD$6:$CD$53,CD13,$BC$6:$BC$53,INDEX(T_Equipos[Grupo],MATCH(BD13,T_Equipos[NombreEquipo],0)))=1,"-","P."&CD13&" ("&COUNTIFS($CD$6:$CD$53,CD13,$BC$6:$BC$53,INDEX(T_Equipos[Grupo],MATCH(BD13,T_Equipos[NombreEquipo],0)))&")") -> P.1 (2) | CF13: =IF($CE13="-","-",SUMIFS(FG_GolesLocal,FGLocal,$BD13,Part1Empate3V,$CE13)+SUMIFS(FG_GolesVisitante,FGVisitante,$BD13,Part1Empate3L,$CE13)) -> 0 | CG13: =CD13+COUNTIFS($CE$6:$CE$53,CE13,$CF$6:CF$53,">"&CF13,$BC$6:$BC$53,INDEX(T_Equipos[Grupo],MATCH(BD13,T_Equipos[NombreEquipo],0))) -> 1 | CH13: =IF(COUNTIFS($CG$6:$CG$53,CG13,$BC$6:$BC$53,INDEX(T_Equipos[Grupo],MATCH(BD13,T_Equipos[NombreEquipo],0)))=1,"-","P."&CG13&" ("&COUNTIFS($CG$6:$CG$53,CG13,$BC$6:$BC$53,INDEX(T_Equipos[Grupo],MATCH(BD13,T_Equipos[NombreEquipo],0)))&")") -> P.1 (2) | CI13: =IF($CH13="-","-",COUNTIFS(FGLocal,$BD13,Ganador,"Local",Part2Empate4V,$CH13)+COUNTIFS(FGVisitante,$BD13,Ganador,"Visitante",Part2Empate4L,$CH13)) -> 0 | CJ13: =IF($CH13="-","-",COUNTIFS(FGLocal,$BD13,Ganador,"Empate",Part2Empate4V,$CH13)+COUNTIFS(FGVisitante,$BD13,Ganador,"Empate",Part2Empate4L,$CH13)) -> 0 | CK13: =IF($CH13="-","-",COUNTIFS(FGLocal,$BD13,Ganador,"Visitante",Part2Empate4V,$CH13)+COUNTIFS(FGVisitante,$BD13,Ganador,"Local",Part2Empate4L,$CH13)) -> 0 | CL13: =IF($CH13="-","-",CI13*3+CJ13) -> 0 | CM13: =CG13+COUNTIFS($CH$6:$CH$53,CH13,$CL$6:CL$53,">"&CL13,$BC$6:$BC$53,INDEX(T_Equipos[Grupo],MATCH(BD13,T_Equipos[NombreEquipo],0))) -> 1 | CN13: =IF(COUNTIFS($CM$6:$CM$53,CM13,$BC$6:$BC$53,INDEX(T_Equipos[Grupo],MATCH(BD13,T_Equipos[NombreEquipo],0)))=1,"-","P."&CM13&" ("&COUNTIFS($CM$6:$CM$53,CM13,$BC$6:$BC$53,INDEX(T_Equipos[Grupo],MATCH(BD13,T_Equipos[NombreEquipo],0)))&")") -> P.1 (2) | CO13: =IF($CN13="-","-",SUMIFS(FG_GolesLocal,FGLocal,$BD13,Part2Empate5V,$CN13)+SUMIFS(FG_GolesVisitante,FGVisitante,$BD13,Part2Empate5L,$CN13)) -> 0 | CP13: =IF($CN13="-","-",SUMIFS(FG_GolesVisitante,FGLocal,$BD13,Part2Empate5V,$CN13)+SUMIFS(FG_GolesLocal,FGVisitante,$BD13,Part2Empate5L,$CN13)) -> 0 | CQ13: =IF($CN13="-","-",CO13-CP13) -> 0 | CR13: =CM13+COUNTIFS($CN$6:$CN$53,CN13,$CQ$6:CQ$53,">"&CQ13,$BC$6:$BC$53,INDEX(T_Equipos[Grupo],MATCH(BD13,T_Equipos[NombreEquipo],0))) -> 1 | CS13: =IF(COUNTIFS($CR$6:$CR$53,CR13,$BC$6:$BC$53,INDEX(T_Equipos[Grupo],MATCH(BD13,T_Equipos[NombreEquipo],0)))=1,"-","P."&CR13&" ("&COUNTIFS($CR$6:$CR$53,CR13,$BC$6:$BC$53,INDEX(T_Equipos[Grupo],MATCH(BD13,T_Equipos[NombreEquipo],0)))&")") -> P.1 (2) | CT13: =IF($CS13="-","-",SUMIFS(FG_GolesLocal,FGLocal,$BD13,Part2Empate6V,$CS13)+SUMIFS(FG_GolesVisitante,FGVisitante,$BD13,Part2Empate6L,$CS13)) -> 0 | CU13: =CR13+COUNTIFS($CS$6:$CS$53,CS13,$CT$6:CT$53,">"&CT13,$BC$6:$BC$53,INDEX(T_Equipos[Grupo],MATCH(BD13,T_Equipos[NombreEquipo],0))) -> 1 | CV13: =IF(COUNTIFS($CU$6:$CU$53,CU13,$BC$6:$BC$53,INDEX(T_Equipos[Grupo],MATCH(BD13,T_Equipos[NombreEquipo],0)))=1,"-","P."&CU13&" ("&COUNTIFS($CU$6:$CU$53,CU13,$BC$6:$BC$53,INDEX(T_Equipos[Grupo],MATCH(BD13,T_Equipos[NombreEquipo],0)))&")") -> P.1 (2) | CW13: =IF(CV13="-","-",BL13) -> 3 | CX13: =CU13+COUNTIFS($CV$6:$CV$53,CV13,$CW$6:CW$53,">"&CW13,$BC$6:$BC$53,INDEX(T_Equipos[Grupo],MATCH(BD13,T_Equipos[NombreEquipo],0))) -> 2 | CY13: =IF(COUNTIFS($CX$6:$CX$53,CX13,$BC$6:$BC$53,INDEX(T_Equipos[Grupo],MATCH(BD13,T_Equipos[NombreEquipo],0)))=1,"-","P."&CX13&" ("&COUNTIFS($CX$6:$CX$53,CX13,$BC$6:$BC$53,INDEX(T_Equipos[Grupo],MATCH(BD13,T_Equipos[NombreEquipo],0)))&")") -> - | CZ13: =IF(CY13="-","-",BJ13) -> - | DA13: =CX13+COUNTIFS($CY$6:$CY$53,CY13,$CZ$6:CZ$53,">"&CZ13,$BC$6:$BC$53,INDEX(T_Equipos[Grupo],MATCH(BD13,T_Equipos[NombreEquipo],0))) -> 2 | DB13: =IF(COUNTIFS($DA$6:$DA$53,DA13,$BC$6:$BC$53,INDEX(T_Equipos[Grupo],MATCH(BD13,T_Equipos[NombreEquipo],0)))=1,"-","P."&DA13&" ("&COUNTIFS($DA$6:$DA$53,DA13,$BC$6:$BC$53,INDEX(T_Equipos[Grupo],MATCH(BD13,T_Equipos[NombreEquipo],0)))&")") -> - | DC13: =IF(DB13="-","-",COUNTIFS(T_Equipos[Rank],"<"&INDEX(T_Equipos[Rank],MATCH(BD13,T_Equipos[NombreEquipo],0)),$BC$6:$BC$53,INDEX(T_Equipos[Grupo],MATCH(BD13,T_Equipos[NombreEquipo],0)))+1) -> - | DD13: =DA13+COUNTIFS($DB$6:$DB$53,DB13,$DC$6:DC$53,"<"&DC13,$BC$6:$BC$53,INDEX(T_Equipos[Grupo],MATCH(BD13,T_Equipos[NombreEquipo],0))) -> 2 | DF13: =IF(OR(INDEX($AW$6:$AW$97,MATCH($BD13,$AV$6:$AV$97,0))="",DB13="-"),DD13,INDEX($AW$6:$AW$97,MATCH($BD13,$AV$6:$AV$97,0))+DD13/1000) -> 2 | DG13: =IF(DB13="-","-",COUNTIFS(DF$6:DF$53,"<"&DF13,$BC$6:$BC$53,INDEX(T_Equipos[Grupo],MATCH(BD13,T_Equipos[NombreEquipo],0)))) -> - | DH13: =DA13+COUNTIFS(DB$6:DB$53,DB13,DG$6:DG$53,"<"&DG13,$BC$6:$BC$53,INDEX(T_Equipos[Grupo],MATCH(BD13,T_Equipos[NombreEquipo],0))) -> 2 | DJ13: =INDEX($DA$6:$DA$53,MATCH($DQ13,$BD$6:$BD$53,0)) -> 4 | DK13: =+SUMIF($BC$6:$BC$53,BC13,$BF$6:$BF$53) -> 8 | DL13: =IF(OR(DK13=12,$AJ$99=144),COUNTIFS($DJ$6:$DJ$53,DJ13,$BC$6:$BC$53,BC13),1) -> 1 | DM13: =DJ13&"."&DL13 -> 4.1 | DN13: {=OFFSET(Horarios!$P$3,DJ13-1,0,DL13,1)} -> 4 | DP13: 4B | DQ13: =INDEX($BD$6:$BD$53,MATCH(DP13,$BM$6:$BM$53,0)) -> Catar | DT13: =AA13&"-"&AF13 -> Catar-Suiza
A14: =+Equipos!B7 -> Bosnia y Herzegovina | D14: =IF(OR(AC14="",AD14=""),"Pendiente",IF(AC14>AD14,"Local",IF(AC14<AD14,"Visitante","Empate"))) -> Local | E14: =IF(D14="Pendiente","-",INDEX($BT$6:$BT$53,MATCH($AA14,$BD$6:$BD$53,0))) -> P.1 (2) | F14: =IF(D14="Pendiente","-",INDEX($BT$6:$BT$53,MATCH($AF14,$BD$6:$BD$53,0))) -> P.3 (2) | H14: =IF(D14="Pendiente","-",INDEX($BZ$6:$BZ$53,MATCH($AA14,$BD$6:$BD$53,0))) -> P.1 (2) | I14: =IF(D14="Pendiente","-",INDEX($BZ$6:$BZ$53,MATCH($AF14,$BD$6:$BD$53,0))) -> P.3 (2) | K14: =IF(D14="Pendiente","-",INDEX($CE$6:$CE$53,MATCH($AA14,$BD$6:$BD$53,0))) -> P.1 (2) | L14: =IF(D14="Pendiente","-",INDEX($CE$6:$CE$53,MATCH($AF14,$BD$6:$BD$53,0))) -> P.3 (2) | N14: =IF(D14="Pendiente","-",INDEX($CH$6:$CH$53,MATCH($AA14,$BD$6:$BD$53,0))) -> P.1 (2) | O14: =IF(D14="Pendiente","-",INDEX($CH$6:$CH$53,MATCH($AF14,$BD$6:$BD$53,0))) -> P.3 (2) | Q14: =IF(D14="Pendiente","-",INDEX($CN$6:$CN$53,MATCH($AA14,$BD$6:$BD$53,0))) -> P.1 (2) | R14: =IF(D14="Pendiente","-",INDEX($CN$6:$CN$53,MATCH($AF14,$BD$6:$BD$53,0))) -> P.3 (2) | T14: =IF(D14="Pendiente","-",INDEX($CS$6:$CS$53,MATCH($AA14,$BD$6:$BD$53,0))) -> P.1 (2) | U14: =IF(D14="Pendiente","-",INDEX($CS$6:$CS$53,MATCH($AF14,$BD$6:$BD$53,0))) -> P.3 (2) | X14: =Horarios!C14 -> 46191.875 | Y14: =Horarios!C14 -> 46191.875 | Z14: =$Z$6 -> J2 | AA14: =A16 -> Suiza | AB14: {=Ver_flag_local} -> #VALUE! | AC14: 4 | AD14: 1 | AE14: {=Ver_flag_visit} -> #VALUE! | AF14: =A14 -> Bosnia y Herzegovina | AG14: =IF(NOT(OR(ISBLANK(AC14),ISBLANK(AD14))),1,0) -> 1 | AH14: 26 | AI14: =AJ14&$B$12 -> 1B | AJ14: 1 | AK14: {=Ver_flag_visit} -> #VALUE! | AL14: =IFERROR(INDEX($BD$6:$BD$53,MATCH(AI14,$BN$6:$BN$53,0)),"") -> Canadá | AM14: =INDEX($BE$6:$BN$53,MATCH($AL14,$BD$6:$BD$53,0),MATCH(AM$5,$BE$5:$BN$5,0)) -> 4 | AN14: =INDEX($BE$6:$BN$53,MATCH($AL14,$BD$6:$BD$53,0),MATCH(AN$5,$BE$5:$BN$5,0)) -> 2 | AO14: =INDEX($BE$6:$BN$53,MATCH($AL14,$BD$6:$BD$53,0),MATCH(AO$5,$BE$5:$BN$5,0)) -> 1 | AP14: =INDEX($BE$6:$BN$53,MATCH($AL14,$BD$6:$BD$53,0),MATCH(AP$5,$BE$5:$BN$5,0)) -> 1 | AQ14: =INDEX($BE$6:$BN$53,MATCH($AL14,$BD$6:$BD$53,0),MATCH(AQ$5,$BE$5:$BN$5,0)) -> 0 | AR14: =INDEX($BE$6:$BN$53,MATCH($AL14,$BD$6:$BD$53,0),MATCH(AR$5,$BE$5:$BN$5,0)) -> 7 | AS14: =INDEX($BE$6:$BN$53,MATCH($AL14,$BD$6:$BD$53,0),MATCH(AS$5,$BE$5:$BN$5,0)) -> 1 | AT14: =INDEX($BE$6:$BN$53,MATCH($AL14,$BD$6:$BD$53,0),MATCH(AT$5,$BE$5:$BN$5,0)) -> 6 | AU14: =INDEX($DL$6:$DL$53,MATCH(AI14,$DP$6:$DP$53,0)) -> 1 | AV14: =INDEX($BD$6:$BD$53,MATCH(AI14,$BM$6:$BM$53,0)) -> Canadá | AY14: =+A13 -> Canadá | BC14: =+INDEX(T_Equipos[Grupo],MATCH(WORLDCUP!BD14,T_Equipos[NombreEquipo],0)) -> C | BD14: =+Equipos!B10 -> Brasil | BE14: =+BG14*3+BH14+IF($AZ$3="no",0,INDEX($AZ$6:$AZ$97,MATCH(BD14,$AY$6:$AY$97,0))) -> 4 | BF14: =+BG14+BH14+BI14 -> 2 | BG14: =+COUNTIFS(FGLocal,BD14,Ganador,"Local")+COUNTIFS(FGVisitante,BD14,Ganador,"Visitante") -> 1 | BH14: =+COUNTIFS(FGLocal,BD14,Ganador,"Empate")+COUNTIFS(FGVisitante,BD14,Ganador,"Empate") -> 1 | BI14: =+COUNTIFS(FGVisitante,BD14,Ganador,"Local")+COUNTIFS(FGLocal,BD14,Ganador,"Visitante") -> 0 | BJ14: =+SUMIFS(FG_GolesLocal,FGLocal,BD14,Ganador,"<>"&"Pendiente",FG_GolesLocal,"<>"&"",FG_GolesVisitante,"<>"&"")+SUMIFS(FG_GolesVisitante,FGVisitante,BD14,Ganador,"<>"&"Pendiente",FG_GolesLocal,"<>"&"",FG_GolesVisitante,"<>"&"") -> 4 | BK14: =+SUMIFS(FG_GolesLocal,FGVisitante,BD14,Ganador,"<>"&"Pendiente",FG_GolesLocal,"<>"&"",FG_GolesVisitante,"<>"&"")+SUMIFS(FG_GolesVisitante,FGLocal,BD14,Ganador,"<>"&"Pendiente",FG_GolesLocal,"<>"&"",FG_GolesVisitante,"<>"&"") -> 1 | BL14: =+BJ14-BK14 -> 3 | BM14: =DD14&BC14 -> 1C | BN14: =DH14&BC14 -> 1C | BO14: =IF(AND($AJ$99=144,BF14>=1),1,0) -> 0 | BP14: =COUNTIFS($BO$6:$BO$53,">"&BO14,$BC$6:$BC$53,INDEX(T_Equipos[Grupo],MATCH(BD14,T_Equipos[NombreEquipo],0)))+1 -> 1 | BQ14: =IF(COUNTIFS($BP$6:$BP$53,BP14,$BC$6:$BC$53,INDEX(T_Equipos[Grupo],MATCH(BD14,T_Equipos[NombreEquipo],0)))=1,"-","P."&BP14&" ("&COUNTIFS($BP$6:$BP$53,BP14,$BC$6:$BC$53,INDEX(T_Equipos[Grupo],MATCH(BD14,T_Equipos[NombreEquipo],0)))&")") -> P.1 (4) | BR14: =IF($BQ14="-","-",BE14) -> 4 | BS14: =BP14+COUNTIFS($BQ$6:$BQ$53,BQ14,$BR$6:BR$53,">"&BR14,$BC$6:$BC$53,INDEX(T_Equipos[Grupo],MATCH(BD14,T_Equipos[NombreEquipo],0))) -> 1 | BT14: =IF(COUNTIFS($BS$6:$BS$53,BS14,$BC$6:$BC$53,INDEX(T_Equipos[Grupo],MATCH(BD14,T_Equipos[NombreEquipo],0)))=1,"-","P."&BS14&" ("&COUNTIFS($BS$6:$BS$53,BS14,$BC$6:$BC$53,INDEX(T_Equipos[Grupo],MATCH(BD14,T_Equipos[NombreEquipo],0)))&")") -> P.1 (2) | BU14: =IF($BT14="-","-",COUNTIFS(FGLocal,$BD14,Ganador,"Local",Part1Empate1V,$BT14)+COUNTIFS(FGVisitante,$BD14,Ganador,"Visitante",Part1Empate1L,$BT14)) -> 0 | BV14: =IF($BT14="-","-",COUNTIFS(FGLocal,$BD14,Ganador,"Empate",Part1Empate1V,$BT14)+COUNTIFS(FGVisitante,$BD14,Ganador,"Empate",Part1Empate1L,$BT14)) -> 1 | BW14: =IF($BT14="-","-",COUNTIFS(FGLocal,$BD14,Ganador,"Visitante",Part1Empate1V,$BT14)+COUNTIFS(FGVisitante,$BD14,Ganador,"Local",Part1Empate1L,$BT14)) -> 0 | BX14: =IF($BT14="-","-",BU14*3+BV14) -> 1 | BY14: =BS14+COUNTIFS($BT$6:$BT$53,BT14,$BX$6:BX$53,">"&BX14,$BC$6:$BC$53,INDEX(T_Equipos[Grupo],MATCH(BD14,T_Equipos[NombreEquipo],0))) -> 1 | BZ14: =IF(COUNTIFS($BY$6:$BY$53,BY14,$BC$6:$BC$53,INDEX(T_Equipos[Grupo],MATCH(BD14,T_Equipos[NombreEquipo],0)))=1,"-","P."&BY14&" ("&COUNTIFS($BY$6:$BY$53,BY14,$BC$6:$BC$53,INDEX(T_Equipos[Grupo],MATCH(BD14,T_Equipos[NombreEquipo],0)))&")") -> P.1 (2) | CA14: =IF($BZ14="-","-",SUMIFS(FG_GolesLocal,FGLocal,$BD14,Part1Empate2V,$BZ14)+SUMIFS(FG_GolesVisitante,FGVisitante,$BD14,Part1Empate2L,$BZ14)) -> 1 | CB14: =IF($BZ14="-","-",SUMIFS(FG_GolesVisitante,FGLocal,$BD14,Part1Empate2V,$BZ14)+SUMIFS(FG_GolesLocal,FGVisitante,$BD14,Part1Empate2L,$BZ14)) -> 1 | CC14: =IF($BZ14="-","-",CA14-CB14) -> 0 | CD14: =BY14+COUNTIFS($BZ$6:$BZ$53,BZ14,$CC$6:CC$53,">"&CC14,$BC$6:$BC$53,INDEX(T_Equipos[Grupo],MATCH(BD14,T_Equipos[NombreEquipo],0))) -> 1 | CE14: =IF(COUNTIFS($CD$6:$CD$53,CD14,$BC$6:$BC$53,INDEX(T_Equipos[Grupo],MATCH(BD14,T_Equipos[NombreEquipo],0)))=1,"-","P."&CD14&" ("&COUNTIFS($CD$6:$CD$53,CD14,$BC$6:$BC$53,INDEX(T_Equipos[Grupo],MATCH(BD14,T_Equipos[NombreEquipo],0)))&")") -> P.1 (2) | CF14: =IF($CE14="-","-",SUMIFS(FG_GolesLocal,FGLocal,$BD14,Part1Empate3V,$CE14)+SUMIFS(FG_GolesVisitante,FGVisitante,$BD14,Part1Empate3L,$CE14)) -> 1 | CG14: =CD14+COUNTIFS($CE$6:$CE$53,CE14,$CF$6:CF$53,">"&CF14,$BC$6:$BC$53,INDEX(T_Equipos[Grupo],MATCH(BD14,T_Equipos[NombreEquipo],0))) -> 1 | CH14: =IF(COUNTIFS($CG$6:$CG$53,CG14,$BC$6:$BC$53,INDEX(T_Equipos[Grupo],MATCH(BD14,T_Equipos[NombreEquipo],0)))=1,"-","P."&CG14&" ("&COUNTIFS($CG$6:$CG$53,CG14,$BC$6:$BC$53,INDEX(T_Equipos[Grupo],MATCH(BD14,T_Equipos[NombreEquipo],0)))&")") -> P.1 (2) | CI14: =IF($CH14="-","-",COUNTIFS(FGLocal,$BD14,Ganador,"Local",Part2Empate4V,$CH14)+COUNTIFS(FGVisitante,$BD14,Ganador,"Visitante",Part2Empate4L,$CH14)) -> 0 | CJ14: =IF($CH14="-","-",COUNTIFS(FGLocal,$BD14,Ganador,"Empate",Part2Empate4V,$CH14)+COUNTIFS(FGVisitante,$BD14,Ganador,"Empate",Part2Empate4L,$CH14)) -> 1 | CK14: =IF($CH14="-","-",COUNTIFS(FGLocal,$BD14,Ganador,"Visitante",Part2Empate4V,$CH14)+COUNTIFS(FGVisitante,$BD14,Ganador,"Local",Part2Empate4L,$CH14)) -> 0 | CL14: =IF($CH14="-","-",CI14*3+CJ14) -> 1 | CM14: =CG14+COUNTIFS($CH$6:$CH$53,CH14,$CL$6:CL$53,">"&CL14,$BC$6:$BC$53,INDEX(T_Equipos[Grupo],MATCH(BD14,T_Equipos[NombreEquipo],0))) -> 1 | CN14: =IF(COUNTIFS($CM$6:$CM$53,CM14,$BC$6:$BC$53,INDEX(T_Equipos[Grupo],MATCH(BD14,T_Equipos[NombreEquipo],0)))=1,"-","P."&CM14&" ("&COUNTIFS($CM$6:$CM$53,CM14,$BC$6:$BC$53,INDEX(T_Equipos[Grupo],MATCH(BD14,T_Equipos[NombreEquipo],0)))&")") -> P.1 (2) | CO14: =IF($CN14="-","-",SUMIFS(FG_GolesLocal,FGLocal,$BD14,Part2Empate5V,$CN14)+SUMIFS(FG_GolesVisitante,FGVisitante,$BD14,Part2Empate5L,$CN14)) -> 1 | CP14: =IF($CN14="-","-",SUMIFS(FG_GolesVisitante,FGLocal,$BD14,Part2Empate5V,$CN14)+SUMIFS(FG_GolesLocal,FGVisitante,$BD14,Part2Empate5L,$CN14)) -> 1 | CQ14: =IF($CN14="-","-",CO14-CP14) -> 0 | CR14: =CM14+COUNTIFS($CN$6:$CN$53,CN14,$CQ$6:CQ$53,">"&CQ14,$BC$6:$BC$53,INDEX(T_Equipos[Grupo],MATCH(BD14,T_Equipos[NombreEquipo],0))) -> 1 | CS14: =IF(COUNTIFS($CR$6:$CR$53,CR14,$BC$6:$BC$53,INDEX(T_Equipos[Grupo],MATCH(BD14,T_Equipos[NombreEquipo],0)))=1,"-","P."&CR14&" ("&COUNTIFS($CR$6:$CR$53,CR14,$BC$6:$BC$53,INDEX(T_Equipos[Grupo],MATCH(BD14,T_Equipos[NombreEquipo],0)))&")") -> P.1 (2) | CT14: =IF($CS14="-","-",SUMIFS(FG_GolesLocal,FGLocal,$BD14,Part2Empate6V,$CS14)+SUMIFS(FG_GolesVisitante,FGVisitante,$BD14,Part2Empate6L,$CS14)) -> 1 | CU14: =CR14+COUNTIFS($CS$6:$CS$53,CS14,$CT$6:CT$53,">"&CT14,$BC$6:$BC$53,INDEX(T_Equipos[Grupo],MATCH(BD14,T_Equipos[NombreEquipo],0))) -> 1 | CV14: =IF(COUNTIFS($CU$6:$CU$53,CU14,$BC$6:$BC$53,INDEX(T_Equipos[Grupo],MATCH(BD14,T_Equipos[NombreEquipo],0)))=1,"-","P."&CU14&" ("&COUNTIFS($CU$6:$CU$53,CU14,$BC$6:$BC$53,INDEX(T_Equipos[Grupo],MATCH(BD14,T_Equipos[NombreEquipo],0)))&")") -> P.1 (2) | CW14: =IF(CV14="-","-",BL14) -> 3 | CX14: =CU14+COUNTIFS($CV$6:$CV$53,CV14,$CW$6:CW$53,">"&CW14,$BC$6:$BC$53,INDEX(T_Equipos[Grupo],MATCH(BD14,T_Equipos[NombreEquipo],0))) -> 1 | CY14: =IF(COUNTIFS($CX$6:$CX$53,CX14,$BC$6:$BC$53,INDEX(T_Equipos[Grupo],MATCH(BD14,T_Equipos[NombreEquipo],0)))=1,"-","P."&CX14&" ("&COUNTIFS($CX$6:$CX$53,CX14,$BC$6:$BC$53,INDEX(T_Equipos[Grupo],MATCH(BD14,T_Equipos[NombreEquipo],0)))&")") -> - | CZ14: =IF(CY14="-","-",BJ14) -> - | DA14: =CX14+COUNTIFS($CY$6:$CY$53,CY14,$CZ$6:CZ$53,">"&CZ14,$BC$6:$BC$53,INDEX(T_Equipos[Grupo],MATCH(BD14,T_Equipos[NombreEquipo],0))) -> 1 | DB14: =IF(COUNTIFS($DA$6:$DA$53,DA14,$BC$6:$BC$53,INDEX(T_Equipos[Grupo],MATCH(BD14,T_Equipos[NombreEquipo],0)))=1,"-","P."&DA14&" ("&COUNTIFS($DA$6:$DA$53,DA14,$BC$6:$BC$53,INDEX(T_Equipos[Grupo],MATCH(BD14,T_Equipos[NombreEquipo],0)))&")") -> - | DC14: =IF(DB14="-","-",COUNTIFS(T_Equipos[Rank],"<"&INDEX(T_Equipos[Rank],MATCH(BD14,T_Equipos[NombreEquipo],0)),$BC$6:$BC$53,INDEX(T_Equipos[Grupo],MATCH(BD14,T_Equipos[NombreEquipo],0)))+1) -> - | DD14: =DA14+COUNTIFS($DB$6:$DB$53,DB14,$DC$6:DC$53,"<"&DC14,$BC$6:$BC$53,INDEX(T_Equipos[Grupo],MATCH(BD14,T_Equipos[NombreEquipo],0))) -> 1 | DF14: =IF(OR(INDEX($AW$6:$AW$97,MATCH($BD14,$AV$6:$AV$97,0))="",DB14="-"),DD14,INDEX($AW$6:$AW$97,MATCH($BD14,$AV$6:$AV$97,0))+DD14/1000) -> 1 | DG14: =IF(DB14="-","-",COUNTIFS(DF$6:DF$53,"<"&DF14,$BC$6:$BC$53,INDEX(T_Equipos[Grupo],MATCH(BD14,T_Equipos[NombreEquipo],0)))) -> - | DH14: =DA14+COUNTIFS(DB$6:DB$53,DB14,DG$6:DG$53,"<"&DG14,$BC$6:$BC$53,INDEX(T_Equipos[Grupo],MATCH(BD14,T_Equipos[NombreEquipo],0))) -> 1 | DJ14: =INDEX($DA$6:$DA$53,MATCH($DQ14,$BD$6:$BD$53,0)) -> 1 | DK14: =+SUMIF($BC$6:$BC$53,BC14,$BF$6:$BF$53) -> 8 | DL14: =IF(OR(DK14=12,$AJ$99=144),COUNTIFS($DJ$6:$DJ$53,DJ14,$BC$6:$BC$53,BC14),1) -> 1 | DM14: =DJ14&"."&DL14 -> 1.1 | DN14: {=OFFSET(Horarios!$P$3,DJ14-1,0,DL14,1)} -> 1 | DP14: 1C | DQ14: =INDEX($BD$6:$BD$53,MATCH(DP14,$BM$6:$BM$53,0)) -> Brasil | DT14: =AA14&"-"&AF14 -> Suiza-Bosnia y Herzegovina
A15: =+Equipos!B8 -> Catar | D15: =IF(OR(AC15="",AD15=""),"Pendiente",IF(AC15>AD15,"Local",IF(AC15<AD15,"Visitante","Empate"))) -> Local | E15: =IF(D15="Pendiente","-",INDEX($BT$6:$BT$53,MATCH($AA15,$BD$6:$BD$53,0))) -> P.1 (2) | F15: =IF(D15="Pendiente","-",INDEX($BT$6:$BT$53,MATCH($AF15,$BD$6:$BD$53,0))) -> P.3 (2) | H15: =IF(D15="Pendiente","-",INDEX($BZ$6:$BZ$53,MATCH($AA15,$BD$6:$BD$53,0))) -> P.1 (2) | I15: =IF(D15="Pendiente","-",INDEX($BZ$6:$BZ$53,MATCH($AF15,$BD$6:$BD$53,0))) -> P.3 (2) | K15: =IF(D15="Pendiente","-",INDEX($CE$6:$CE$53,MATCH($AA15,$BD$6:$BD$53,0))) -> P.1 (2) | L15: =IF(D15="Pendiente","-",INDEX($CE$6:$CE$53,MATCH($AF15,$BD$6:$BD$53,0))) -> P.3 (2) | N15: =IF(D15="Pendiente","-",INDEX($CH$6:$CH$53,MATCH($AA15,$BD$6:$BD$53,0))) -> P.1 (2) | O15: =IF(D15="Pendiente","-",INDEX($CH$6:$CH$53,MATCH($AF15,$BD$6:$BD$53,0))) -> P.3 (2) | Q15: =IF(D15="Pendiente","-",INDEX($CN$6:$CN$53,MATCH($AA15,$BD$6:$BD$53,0))) -> P.1 (2) | R15: =IF(D15="Pendiente","-",INDEX($CN$6:$CN$53,MATCH($AF15,$BD$6:$BD$53,0))) -> P.3 (2) | T15: =IF(D15="Pendiente","-",INDEX($CS$6:$CS$53,MATCH($AA15,$BD$6:$BD$53,0))) -> P.1 (2) | U15: =IF(D15="Pendiente","-",INDEX($CS$6:$CS$53,MATCH($AF15,$BD$6:$BD$53,0))) -> P.3 (2) | X15: =Horarios!C15 -> 46192 | Y15: =Horarios!C15 -> 46192 | Z15: =$Z$6 -> J2 | AA15: =A13 -> Canadá | AB15: {=Ver_flag_local} -> #VALUE! | AC15: 6 | AD15: 0 | AE15: {=Ver_flag_visit} -> #VALUE! | AF15: =A15 -> Catar | AG15: =IF(NOT(OR(ISBLANK(AC15),ISBLANK(AD15))),1,0) -> 1 | AH15: 27 | AI15: =AJ15&$B$12 -> 2B | AJ15: 2 | AK15: {=Ver_flag_visit} -> #VALUE! | AL15: =IFERROR(INDEX($BD$6:$BD$53,MATCH(AI15,$BN$6:$BN$53,0)),"") -> Suiza | AM15: =INDEX($BE$6:$BN$53,MATCH($AL15,$BD$6:$BD$53,0),MATCH(AM$5,$BE$5:$BN$5,0)) -> 4 | AN15: =INDEX($BE$6:$BN$53,MATCH($AL15,$BD$6:$BD$53,0),MATCH(AN$5,$BE$5:$BN$5,0)) -> 2 | AO15: =INDEX($BE$6:$BN$53,MATCH($AL15,$BD$6:$BD$53,0),MATCH(AO$5,$BE$5:$BN$5,0)) -> 1 | AP15: =INDEX($BE$6:$BN$53,MATCH($AL15,$BD$6:$BD$53,0),MATCH(AP$5,$BE$5:$BN$5,0)) -> 1 | AQ15: =INDEX($BE$6:$BN$53,MATCH($AL15,$BD$6:$BD$53,0),MATCH(AQ$5,$BE$5:$BN$5,0)) -> 0 | AR15: =INDEX($BE$6:$BN$53,MATCH($AL15,$BD$6:$BD$53,0),MATCH(AR$5,$BE$5:$BN$5,0)) -> 5 | AS15: =INDEX($BE$6:$BN$53,MATCH($AL15,$BD$6:$BD$53,0),MATCH(AS$5,$BE$5:$BN$5,0)) -> 2 | AT15: =INDEX($BE$6:$BN$53,MATCH($AL15,$BD$6:$BD$53,0),MATCH(AT$5,$BE$5:$BN$5,0)) -> 3 | AU15: =INDEX($DL$6:$DL$53,MATCH(AI15,$DP$6:$DP$53,0)) -> 1 | AV15: =INDEX($BD$6:$BD$53,MATCH(AI15,$BM$6:$BM$53,0)) -> Suiza | AY15: =+A14 -> Bosnia y Herzegovina | BC15: =+INDEX(T_Equipos[Grupo],MATCH(WORLDCUP!BD15,T_Equipos[NombreEquipo],0)) -> C | BD15: =+Equipos!B11 -> Marruecos | BE15: =+BG15*3+BH15+IF($AZ$3="no",0,INDEX($AZ$6:$AZ$97,MATCH(BD15,$AY$6:$AY$97,0))) -> 4 | BF15: =+BG15+BH15+BI15 -> 2 | BG15: =+COUNTIFS(FGLocal,BD15,Ganador,"Local")+COUNTIFS(FGVisitante,BD15,Ganador,"Visitante") -> 1 | BH15: =+COUNTIFS(FGLocal,BD15,Ganador,"Empate")+COUNTIFS(FGVisitante,BD15,Ganador,"Empate") -> 1 | BI15: =+COUNTIFS(FGVisitante,BD15,Ganador,"Local")+COUNTIFS(FGLocal,BD15,Ganador,"Visitante") -> 0 | BJ15: =+SUMIFS(FG_GolesLocal,FGLocal,BD15,Ganador,"<>"&"Pendiente",FG_GolesLocal,"<>"&"",FG_GolesVisitante,"<>"&"")+SUMIFS(FG_GolesVisitante,FGVisitante,BD15,Ganador,"<>"&"Pendiente",FG_GolesLocal,"<>"&"",FG_GolesVisitante,"<>"&"") -> 2 | BK15: =+SUMIFS(FG_GolesLocal,FGVisitante,BD15,Ganador,"<>"&"Pendiente",FG_GolesLocal,"<>"&"",FG_GolesVisitante,"<>"&"")+SUMIFS(FG_GolesVisitante,FGLocal,BD15,Ganador,"<>"&"Pendiente",FG_GolesLocal,"<>"&"",FG_GolesVisitante,"<>"&"") -> 1 | BL15: =+BJ15-BK15 -> 1 | BM15: =DD15&BC15 -> 2C | BN15: =DH15&BC15 -> 2C | BO15: =IF(AND($AJ$99=144,BF15>=1),1,0) -> 0 | BP15: =COUNTIFS($BO$6:$BO$53,">"&BO15,$BC$6:$BC$53,INDEX(T_Equipos[Grupo],MATCH(BD15,T_Equipos[NombreEquipo],0)))+1 -> 1 | BQ15: =IF(COUNTIFS($BP$6:$BP$53,BP15,$BC$6:$BC$53,INDEX(T_Equipos[Grupo],MATCH(BD15,T_Equipos[NombreEquipo],0)))=1,"-","P."&BP15&" ("&COUNTIFS($BP$6:$BP$53,BP15,$BC$6:$BC$53,INDEX(T_Equipos[Grupo],MATCH(BD15,T_Equipos[NombreEquipo],0)))&")") -> P.1 (4) | BR15: =IF($BQ15="-","-",BE15) -> 4 | BS15: =BP15+COUNTIFS($BQ$6:$BQ$53,BQ15,$BR$6:BR$53,">"&BR15,$BC$6:$BC$53,INDEX(T_Equipos[Grupo],MATCH(BD15,T_Equipos[NombreEquipo],0))) -> 1 | BT15: =IF(COUNTIFS($BS$6:$BS$53,BS15,$BC$6:$BC$53,INDEX(T_Equipos[Grupo],MATCH(BD15,T_Equipos[NombreEquipo],0)))=1,"-","P."&BS15&" ("&COUNTIFS($BS$6:$BS$53,BS15,$BC$6:$BC$53,INDEX(T_Equipos[Grupo],MATCH(BD15,T_Equipos[NombreEquipo],0)))&")") -> P.1 (2) | BU15: =IF($BT15="-","-",COUNTIFS(FGLocal,$BD15,Ganador,"Local",Part1Empate1V,$BT15)+COUNTIFS(FGVisitante,$BD15,Ganador,"Visitante",Part1Empate1L,$BT15)) -> 0 | BV15: =IF($BT15="-","-",COUNTIFS(FGLocal,$BD15,Ganador,"Empate",Part1Empate1V,$BT15)+COUNTIFS(FGVisitante,$BD15,Ganador,"Empate",Part1Empate1L,$BT15)) -> 1 | BW15: =IF($BT15="-","-",COUNTIFS(FGLocal,$BD15,Ganador,"Visitante",Part1Empate1V,$BT15)+COUNTIFS(FGVisitante,$BD15,Ganador,"Local",Part1Empate1L,$BT15)) -> 0 | BX15: =IF($BT15="-","-",BU15*3+BV15) -> 1 | BY15: =BS15+COUNTIFS($BT$6:$BT$53,BT15,$BX$6:BX$53,">"&BX15,$BC$6:$BC$53,INDEX(T_Equipos[Grupo],MATCH(BD15,T_Equipos[NombreEquipo],0))) -> 1 | BZ15: =IF(COUNTIFS($BY$6:$BY$53,BY15,$BC$6:$BC$53,INDEX(T_Equipos[Grupo],MATCH(BD15,T_Equipos[NombreEquipo],0)))=1,"-","P."&BY15&" ("&COUNTIFS($BY$6:$BY$53,BY15,$BC$6:$BC$53,INDEX(T_Equipos[Grupo],MATCH(BD15,T_Equipos[NombreEquipo],0)))&")") -> P.1 (2) | CA15: =IF($BZ15="-","-",SUMIFS(FG_GolesLocal,FGLocal,$BD15,Part1Empate2V,$BZ15)+SUMIFS(FG_GolesVisitante,FGVisitante,$BD15,Part1Empate2L,$BZ15)) -> 1 | CB15: =IF($BZ15="-","-",SUMIFS(FG_GolesVisitante,FGLocal,$BD15,Part1Empate2V,$BZ15)+SUMIFS(FG_GolesLocal,FGVisitante,$BD15,Part1Empate2L,$BZ15)) -> 1 | CC15: =IF($BZ15="-","-",CA15-CB15) -> 0 | CD15: =BY15+COUNTIFS($BZ$6:$BZ$53,BZ15,$CC$6:CC$53,">"&CC15,$BC$6:$BC$53,INDEX(T_Equipos[Grupo],MATCH(BD15,T_Equipos[NombreEquipo],0))) -> 1 | CE15: =IF(COUNTIFS($CD$6:$CD$53,CD15,$BC$6:$BC$53,INDEX(T_Equipos[Grupo],MATCH(BD15,T_Equipos[NombreEquipo],0)))=1,"-","P."&CD15&" ("&COUNTIFS($CD$6:$CD$53,CD15,$BC$6:$BC$53,INDEX(T_Equipos[Grupo],MATCH(BD15,T_Equipos[NombreEquipo],0)))&")") -> P.1 (2) | CF15: =IF($CE15="-","-",SUMIFS(FG_GolesLocal,FGLocal,$BD15,Part1Empate3V,$CE15)+SUMIFS(FG_GolesVisitante,FGVisitante,$BD15,Part1Empate3L,$CE15)) -> 1 | CG15: =CD15+COUNTIFS($CE$6:$CE$53,CE15,$CF$6:CF$53,">"&CF15,$BC$6:$BC$53,INDEX(T_Equipos[Grupo],MATCH(BD15,T_Equipos[NombreEquipo],0))) -> 1 | CH15: =IF(COUNTIFS($CG$6:$CG$53,CG15,$BC$6:$BC$53,INDEX(T_Equipos[Grupo],MATCH(BD15,T_Equipos[NombreEquipo],0)))=1,"-","P."&CG15&" ("&COUNTIFS($CG$6:$CG$53,CG15,$BC$6:$BC$53,INDEX(T_Equipos[Grupo],MATCH(BD15,T_Equipos[NombreEquipo],0)))&")") -> P.1 (2) | CI15: =IF($CH15="-","-",COUNTIFS(FGLocal,$BD15,Ganador,"Local",Part2Empate4V,$CH15)+COUNTIFS(FGVisitante,$BD15,Ganador,"Visitante",Part2Empate4L,$CH15)) -> 0 | CJ15: =IF($CH15="-","-",COUNTIFS(FGLocal,$BD15,Ganador,"Empate",Part2Empate4V,$CH15)+COUNTIFS(FGVisitante,$BD15,Ganador,"Empate",Part2Empate4L,$CH15)) -> 1 | CK15: =IF($CH15="-","-",COUNTIFS(FGLocal,$BD15,Ganador,"Visitante",Part2Empate4V,$CH15)+COUNTIFS(FGVisitante,$BD15,Ganador,"Local",Part2Empate4L,$CH15)) -> 0 | CL15: =IF($CH15="-","-",CI15*3+CJ15) -> 1 | CM15: =CG15+COUNTIFS($CH$6:$CH$53,CH15,$CL$6:CL$53,">"&CL15,$BC$6:$BC$53,INDEX(T_Equipos[Grupo],MATCH(BD15,T_Equipos[NombreEquipo],0))) -> 1 | CN15: =IF(COUNTIFS($CM$6:$CM$53,CM15,$BC$6:$BC$53,INDEX(T_Equipos[Grupo],MATCH(BD15,T_Equipos[NombreEquipo],0)))=1,"-","P."&CM15&" ("&COUNTIFS($CM$6:$CM$53,CM15,$BC$6:$BC$53,INDEX(T_Equipos[Grupo],MATCH(BD15,T_Equipos[NombreEquipo],0)))&")") -> P.1 (2) | CO15: =IF($CN15="-","-",SUMIFS(FG_GolesLocal,FGLocal,$BD15,Part2Empate5V,$CN15)+SUMIFS(FG_GolesVisitante,FGVisitante,$BD15,Part2Empate5L,$CN15)) -> 1 | CP15: =IF($CN15="-","-",SUMIFS(FG_GolesVisitante,FGLocal,$BD15,Part2Empate5V,$CN15)+SUMIFS(FG_GolesLocal,FGVisitante,$BD15,Part2Empate5L,$CN15)) -> 1 | CQ15: =IF($CN15="-","-",CO15-CP15) -> 0 | CR15: =CM15+COUNTIFS($CN$6:$CN$53,CN15,$CQ$6:CQ$53,">"&CQ15,$BC$6:$BC$53,INDEX(T_Equipos[Grupo],MATCH(BD15,T_Equipos[NombreEquipo],0))) -> 1 | CS15: =IF(COUNTIFS($CR$6:$CR$53,CR15,$BC$6:$BC$53,INDEX(T_Equipos[Grupo],MATCH(BD15,T_Equipos[NombreEquipo],0)))=1,"-","P."&CR15&" ("&COUNTIFS($CR$6:$CR$53,CR15,$BC$6:$BC$53,INDEX(T_Equipos[Grupo],MATCH(BD15,T_Equipos[NombreEquipo],0)))&")") -> P.1 (2) | CT15: =IF($CS15="-","-",SUMIFS(FG_GolesLocal,FGLocal,$BD15,Part2Empate6V,$CS15)+SUMIFS(FG_GolesVisitante,FGVisitante,$BD15,Part2Empate6L,$CS15)) -> 1 | CU15: =CR15+COUNTIFS($CS$6:$CS$53,CS15,$CT$6:CT$53,">"&CT15,$BC$6:$BC$53,INDEX(T_Equipos[Grupo],MATCH(BD15,T_Equipos[NombreEquipo],0))) -> 1 | CV15: =IF(COUNTIFS($CU$6:$CU$53,CU15,$BC$6:$BC$53,INDEX(T_Equipos[Grupo],MATCH(BD15,T_Equipos[NombreEquipo],0)))=1,"-","P."&CU15&" ("&COUNTIFS($CU$6:$CU$53,CU15,$BC$6:$BC$53,INDEX(T_Equipos[Grupo],MATCH(BD15,T_Equipos[NombreEquipo],0)))&")") -> P.1 (2) | CW15: =IF(CV15="-","-",BL15) -> 1 | CX15: =CU15+COUNTIFS($CV$6:$CV$53,CV15,$CW$6:CW$53,">"&CW15,$BC$6:$BC$53,INDEX(T_Equipos[Grupo],MATCH(BD15,T_Equipos[NombreEquipo],0))) -> 2 | CY15: =IF(COUNTIFS($CX$6:$CX$53,CX15,$BC$6:$BC$53,INDEX(T_Equipos[Grupo],MATCH(BD15,T_Equipos[NombreEquipo],0)))=1,"-","P."&CX15&" ("&COUNTIFS($CX$6:$CX$53,CX15,$BC$6:$BC$53,INDEX(T_Equipos[Grupo],MATCH(BD15,T_Equipos[NombreEquipo],0)))&")") -> - | CZ15: =IF(CY15="-","-",BJ15) -> - | DA15: =CX15+COUNTIFS($CY$6:$CY$53,CY15,$CZ$6:CZ$53,">"&CZ15,$BC$6:$BC$53,INDEX(T_Equipos[Grupo],MATCH(BD15,T_Equipos[NombreEquipo],0))) -> 2 | DB15: =IF(COUNTIFS($DA$6:$DA$53,DA15,$BC$6:$BC$53,INDEX(T_Equipos[Grupo],MATCH(BD15,T_Equipos[NombreEquipo],0)))=1,"-","P."&DA15&" ("&COUNTIFS($DA$6:$DA$53,DA15,$BC$6:$BC$53,INDEX(T_Equipos[Grupo],MATCH(BD15,T_Equipos[NombreEquipo],0)))&")") -> - | DC15: =IF(DB15="-","-",COUNTIFS(T_Equipos[Rank],"<"&INDEX(T_Equipos[Rank],MATCH(BD15,T_Equipos[NombreEquipo],0)),$BC$6:$BC$53,INDEX(T_Equipos[Grupo],MATCH(BD15,T_Equipos[NombreEquipo],0)))+1) -> - | DD15: =DA15+COUNTIFS($DB$6:$DB$53,DB15,$DC$6:DC$53,"<"&DC15,$BC$6:$BC$53,INDEX(T_Equipos[Grupo],MATCH(BD15,T_Equipos[NombreEquipo],0))) -> 2 | DF15: =IF(OR(INDEX($AW$6:$AW$97,MATCH($BD15,$AV$6:$AV$97,0))="",DB15="-"),DD15,INDEX($AW$6:$AW$97,MATCH($BD15,$AV$6:$AV$97,0))+DD15/1000) -> 2 | DG15: =IF(DB15="-","-",COUNTIFS(DF$6:DF$53,"<"&DF15,$BC$6:$BC$53,INDEX(T_Equipos[Grupo],MATCH(BD15,T_Equipos[NombreEquipo],0)))) -> - | DH15: =DA15+COUNTIFS(DB$6:DB$53,DB15,DG$6:DG$53,"<"&DG15,$BC$6:$BC$53,INDEX(T_Equipos[Grupo],MATCH(BD15,T_Equipos[NombreEquipo],0))) -> 2 | DJ15: =INDEX($DA$6:$DA$53,MATCH($DQ15,$BD$6:$BD$53,0)) -> 2 | DK15: =+SUMIF($BC$6:$BC$53,BC15,$BF$6:$BF$53) -> 8 | DL15: =IF(OR(DK15=12,$AJ$99=144),COUNTIFS($DJ$6:$DJ$53,DJ15,$BC$6:$BC$53,BC15),1) -> 1 | DM15: =DJ15&"."&DL15 -> 2.1 | DN15: {=OFFSET(Horarios!$P$3,DJ15-1,0,DL15,1)} -> 2 | DP15: 2C | DQ15: =INDEX($BD$6:$BD$53,MATCH(DP15,$BM$6:$BM$53,0)) -> Marruecos | DT15: =AA15&"-"&AF15 -> Canadá-Catar
A16: =+Equipos!B9 -> Suiza | D16: =IF(OR(AC16="",AD16=""),"Pendiente",IF(AC16>AD16,"Local",IF(AC16<AD16,"Visitante","Empate"))) -> Pendiente | E16: =IF(D16="Pendiente","-",INDEX($BT$6:$BT$53,MATCH($AA16,$BD$6:$BD$53,0))) -> - | F16: =IF(D16="Pendiente","-",INDEX($BT$6:$BT$53,MATCH($AF16,$BD$6:$BD$53,0))) -> - | H16: =IF(D16="Pendiente","-",INDEX($BZ$6:$BZ$53,MATCH($AA16,$BD$6:$BD$53,0))) -> - | I16: =IF(D16="Pendiente","-",INDEX($BZ$6:$BZ$53,MATCH($AF16,$BD$6:$BD$53,0))) -> - | K16: =IF(D16="Pendiente","-",INDEX($CE$6:$CE$53,MATCH($AA16,$BD$6:$BD$53,0))) -> - | L16: =IF(D16="Pendiente","-",INDEX($CE$6:$CE$53,MATCH($AF16,$BD$6:$BD$53,0))) -> - | N16: =IF(D16="Pendiente","-",INDEX($CH$6:$CH$53,MATCH($AA16,$BD$6:$BD$53,0))) -> - | O16: =IF(D16="Pendiente","-",INDEX($CH$6:$CH$53,MATCH($AF16,$BD$6:$BD$53,0))) -> - | Q16: =IF(D16="Pendiente","-",INDEX($CN$6:$CN$53,MATCH($AA16,$BD$6:$BD$53,0))) -> - | R16: =IF(D16="Pendiente","-",INDEX($CN$6:$CN$53,MATCH($AF16,$BD$6:$BD$53,0))) -> - | T16: =IF(D16="Pendiente","-",INDEX($CS$6:$CS$53,MATCH($AA16,$BD$6:$BD$53,0))) -> - | U16: =IF(D16="Pendiente","-",INDEX($CS$6:$CS$53,MATCH($AF16,$BD$6:$BD$53,0))) -> - | X16: =Horarios!C16 -> 46197.875 | Y16: =Horarios!C16 -> 46197.875 | Z16: =$Z$8 -> J3 | AA16: =A16 -> Suiza | AB16: {=Ver_flag_local} -> #VALUE! | AE16: {=Ver_flag_visit} -> #VALUE! | AF16: =A13 -> Canadá | AG16: =IF(NOT(OR(ISBLANK(AC16),ISBLANK(AD16))),1,0) -> 0 | AH16: 51 | AI16: =AJ16&$B$12 -> 3B | AJ16: 3 | AK16: {=Ver_flag_visit} -> #VALUE! | AL16: =IFERROR(INDEX($BD$6:$BD$53,MATCH(AI16,$BN$6:$BN$53,0)),"") -> Bosnia y Herzegovina | AM16: =INDEX($BE$6:$BN$53,MATCH($AL16,$BD$6:$BD$53,0),MATCH(AM$5,$BE$5:$BN$5,0)) -> 1 | AN16: =INDEX($BE$6:$BN$53,MATCH($AL16,$BD$6:$BD$53,0),MATCH(AN$5,$BE$5:$BN$5,0)) -> 2 | AO16: =INDEX($BE$6:$BN$53,MATCH($AL16,$BD$6:$BD$53,0),MATCH(AO$5,$BE$5:$BN$5,0)) -> 0 | AP16: =INDEX($BE$6:$BN$53,MATCH($AL16,$BD$6:$BD$53,0),MATCH(AP$5,$BE$5:$BN$5,0)) -> 1 | AQ16: =INDEX($BE$6:$BN$53,MATCH($AL16,$BD$6:$BD$53,0),MATCH(AQ$5,$BE$5:$BN$5,0)) -> 1 | AR16: =INDEX($BE$6:$BN$53,MATCH($AL16,$BD$6:$BD$53,0),MATCH(AR$5,$BE$5:$BN$5,0)) -> 2 | AS16: =INDEX($BE$6:$BN$53,MATCH($AL16,$BD$6:$BD$53,0),MATCH(AS$5,$BE$5:$BN$5,0)) -> 5 | AT16: =INDEX($BE$6:$BN$53,MATCH($AL16,$BD$6:$BD$53,0),MATCH(AT$5,$BE$5:$BN$5,0)) -> -3 | AU16: =INDEX($DL$6:$DL$53,MATCH(AI16,$DP$6:$DP$53,0)) -> 1 | AV16: =INDEX($BD$6:$BD$53,MATCH(AI16,$BM$6:$BM$53,0)) -> Bosnia y Herzegovina | AY16: =+A15 -> Catar | BC16: =+INDEX(T_Equipos[Grupo],MATCH(WORLDCUP!BD16,T_Equipos[NombreEquipo],0)) -> C | BD16: =+Equipos!B12 -> Haití | BE16: =+BG16*3+BH16+IF($AZ$3="no",0,INDEX($AZ$6:$AZ$97,MATCH(BD16,$AY$6:$AY$97,0))) -> 0 | BF16: =+BG16+BH16+BI16 -> 2 | BG16: =+COUNTIFS(FGLocal,BD16,Ganador,"Local")+COUNTIFS(FGVisitante,BD16,Ganador,"Visitante") -> 0 | BH16: =+COUNTIFS(FGLocal,BD16,Ganador,"Empate")+COUNTIFS(FGVisitante,BD16,Ganador,"Empate") -> 0 | BI16: =+COUNTIFS(FGVisitante,BD16,Ganador,"Local")+COUNTIFS(FGLocal,BD16,Ganador,"Visitante") -> 2 | BJ16: =+SUMIFS(FG_GolesLocal,FGLocal,BD16,Ganador,"<>"&"Pendiente",FG_GolesLocal,"<>"&"",FG_GolesVisitante,"<>"&"")+SUMIFS(FG_GolesVisitante,FGVisitante,BD16,Ganador,"<>"&"Pendiente",FG_GolesLocal,"<>"&"",FG_GolesVisitante,"<>"&"") -> 0 | BK16: =+SUMIFS(FG_GolesLocal,FGVisitante,BD16,Ganador,"<>"&"Pendiente",FG_GolesLocal,"<>"&"",FG_GolesVisitante,"<>"&"")+SUMIFS(FG_GolesVisitante,FGLocal,BD16,Ganador,"<>"&"Pendiente",FG_GolesLocal,"<>"&"",FG_GolesVisitante,"<>"&"") -> 4 | BL16: =+BJ16-BK16 -> -4 | BM16: =DD16&BC16 -> 4C | BN16: =DH16&BC16 -> 4C | BO16: =IF(AND($AJ$99=144,BF16>=1),1,0) -> 0 | BP16: =COUNTIFS($BO$6:$BO$53,">"&BO16,$BC$6:$BC$53,INDEX(T_Equipos[Grupo],MATCH(BD16,T_Equipos[NombreEquipo],0)))+1 -> 1 | BQ16: =IF(COUNTIFS($BP$6:$BP$53,BP16,$BC$6:$BC$53,INDEX(T_Equipos[Grupo],MATCH(BD16,T_Equipos[NombreEquipo],0)))=1,"-","P."&BP16&" ("&COUNTIFS($BP$6:$BP$53,BP16,$BC$6:$BC$53,INDEX(T_Equipos[Grupo],MATCH(BD16,T_Equipos[NombreEquipo],0)))&")") -> P.1 (4) | BR16: =IF($BQ16="-","-",BE16) -> 0 | BS16: =BP16+COUNTIFS($BQ$6:$BQ$53,BQ16,$BR$6:BR$53,">"&BR16,$BC$6:$BC$53,INDEX(T_Equipos[Grupo],MATCH(BD16,T_Equipos[NombreEquipo],0))) -> 4 | BT16: =IF(COUNTIFS($BS$6:$BS$53,BS16,$BC$6:$BC$53,INDEX(T_Equipos[Grupo],MATCH(BD16,T_Equipos[NombreEquipo],0)))=1,"-","P."&BS16&" ("&COUNTIFS($BS$6:$BS$53,BS16,$BC$6:$BC$53,INDEX(T_Equipos[Grupo],MATCH(BD16,T_Equipos[NombreEquipo],0)))&")") -> - | BU16: =IF($BT16="-","-",COUNTIFS(FGLocal,$BD16,Ganador,"Local",Part1Empate1V,$BT16)+COUNTIFS(FGVisitante,$BD16,Ganador,"Visitante",Part1Empate1L,$BT16)) -> - | BV16: =IF($BT16="-","-",COUNTIFS(FGLocal,$BD16,Ganador,"Empate",Part1Empate1V,$BT16)+COUNTIFS(FGVisitante,$BD16,Ganador,"Empate",Part1Empate1L,$BT16)) -> - | BW16: =IF($BT16="-","-",COUNTIFS(FGLocal,$BD16,Ganador,"Visitante",Part1Empate1V,$BT16)+COUNTIFS(FGVisitante,$BD16,Ganador,"Local",Part1Empate1L,$BT16)) -> - | BX16: =IF($BT16="-","-",BU16*3+BV16) -> - | BY16: =BS16+COUNTIFS($BT$6:$BT$53,BT16,$BX$6:BX$53,">"&BX16,$BC$6:$BC$53,INDEX(T_Equipos[Grupo],MATCH(BD16,T_Equipos[NombreEquipo],0))) -> 4 | BZ16: =IF(COUNTIFS($BY$6:$BY$53,BY16,$BC$6:$BC$53,INDEX(T_Equipos[Grupo],MATCH(BD16,T_Equipos[NombreEquipo],0)))=1,"-","P."&BY16&" ("&COUNTIFS($BY$6:$BY$53,BY16,$BC$6:$BC$53,INDEX(T_Equipos[Grupo],MATCH(BD16,T_Equipos[NombreEquipo],0)))&")") -> - | CA16: =IF($BZ16="-","-",SUMIFS(FG_GolesLocal,FGLocal,$BD16,Part1Empate2V,$BZ16)+SUMIFS(FG_GolesVisitante,FGVisitante,$BD16,Part1Empate2L,$BZ16)) -> - | CB16: =IF($BZ16="-","-",SUMIFS(FG_GolesVisitante,FGLocal,$BD16,Part1Empate2V,$BZ16)+SUMIFS(FG_GolesLocal,FGVisitante,$BD16,Part1Empate2L,$BZ16)) -> - | CC16: =IF($BZ16="-","-",CA16-CB16) -> - | CD16: =BY16+COUNTIFS($BZ$6:$BZ$53,BZ16,$CC$6:CC$53,">"&CC16,$BC$6:$BC$53,INDEX(T_Equipos[Grupo],MATCH(BD16,T_Equipos[NombreEquipo],0))) -> 4 | CE16: =IF(COUNTIFS($CD$6:$CD$53,CD16,$BC$6:$BC$53,INDEX(T_Equipos[Grupo],MATCH(BD16,T_Equipos[NombreEquipo],0)))=1,"-","P."&CD16&" ("&COUNTIFS($CD$6:$CD$53,CD16,$BC$6:$BC$53,INDEX(T_Equipos[Grupo],MATCH(BD16,T_Equipos[NombreEquipo],0)))&")") -> - | CF16: =IF($CE16="-","-",SUMIFS(FG_GolesLocal,FGLocal,$BD16,Part1Empate3V,$CE16)+SUMIFS(FG_GolesVisitante,FGVisitante,$BD16,Part1Empate3L,$CE16)) -> - | CG16: =CD16+COUNTIFS($CE$6:$CE$53,CE16,$CF$6:CF$53,">"&CF16,$BC$6:$BC$53,INDEX(T_Equipos[Grupo],MATCH(BD16,T_Equipos[NombreEquipo],0))) -> 4 | CH16: =IF(COUNTIFS($CG$6:$CG$53,CG16,$BC$6:$BC$53,INDEX(T_Equipos[Grupo],MATCH(BD16,T_Equipos[NombreEquipo],0)))=1,"-","P."&CG16&" ("&COUNTIFS($CG$6:$CG$53,CG16,$BC$6:$BC$53,INDEX(T_Equipos[Grupo],MATCH(BD16,T_Equipos[NombreEquipo],0)))&")") -> - | CI16: =IF($CH16="-","-",COUNTIFS(FGLocal,$BD16,Ganador,"Local",Part2Empate4V,$CH16)+COUNTIFS(FGVisitante,$BD16,Ganador,"Visitante",Part2Empate4L,$CH16)) -> - | CJ16: =IF($CH16="-","-",COUNTIFS(FGLocal,$BD16,Ganador,"Empate",Part2Empate4V,$CH16)+COUNTIFS(FGVisitante,$BD16,Ganador,"Empate",Part2Empate4L,$CH16)) -> - | CK16: =IF($CH16="-","-",COUNTIFS(FGLocal,$BD16,Ganador,"Visitante",Part2Empate4V,$CH16)+COUNTIFS(FGVisitante,$BD16,Ganador,"Local",Part2Empate4L,$CH16)) -> - | CL16: =IF($CH16="-","-",CI16*3+CJ16) -> - | CM16: =CG16+COUNTIFS($CH$6:$CH$53,CH16,$CL$6:CL$53,">"&CL16,$BC$6:$BC$53,INDEX(T_Equipos[Grupo],MATCH(BD16,T_Equipos[NombreEquipo],0))) -> 4 | CN16: =IF(COUNTIFS($CM$6:$CM$53,CM16,$BC$6:$BC$53,INDEX(T_Equipos[Grupo],MATCH(BD16,T_Equipos[NombreEquipo],0)))=1,"-","P."&CM16&" ("&COUNTIFS($CM$6:$CM$53,CM16,$BC$6:$BC$53,INDEX(T_Equipos[Grupo],MATCH(BD16,T_Equipos[NombreEquipo],0)))&")") -> - | CO16: =IF($CN16="-","-",SUMIFS(FG_GolesLocal,FGLocal,$BD16,Part2Empate5V,$CN16)+SUMIFS(FG_GolesVisitante,FGVisitante,$BD16,Part2Empate5L,$CN16)) -> - | CP16: =IF($CN16="-","-",SUMIFS(FG_GolesVisitante,FGLocal,$BD16,Part2Empate5V,$CN16)+SUMIFS(FG_GolesLocal,FGVisitante,$BD16,Part2Empate5L,$CN16)) -> - | CQ16: =IF($CN16="-","-",CO16-CP16) -> - | CR16: =CM16+COUNTIFS($CN$6:$CN$53,CN16,$CQ$6:CQ$53,">"&CQ16,$BC$6:$BC$53,INDEX(T_Equipos[Grupo],MATCH(BD16,T_Equipos[NombreEquipo],0))) -> 4 | CS16: =IF(COUNTIFS($CR$6:$CR$53,CR16,$BC$6:$BC$53,INDEX(T_Equipos[Grupo],MATCH(BD16,T_Equipos[NombreEquipo],0)))=1,"-","P."&CR16&" ("&COUNTIFS($CR$6:$CR$53,CR16,$BC$6:$BC$53,INDEX(T_Equipos[Grupo],MATCH(BD16,T_Equipos[NombreEquipo],0)))&")") -> - | CT16: =IF($CS16="-","-",SUMIFS(FG_GolesLocal,FGLocal,$BD16,Part2Empate6V,$CS16)+SUMIFS(FG_GolesVisitante,FGVisitante,$BD16,Part2Empate6L,$CS16)) -> - | CU16: =CR16+COUNTIFS($CS$6:$CS$53,CS16,$CT$6:CT$53,">"&CT16,$BC$6:$BC$53,INDEX(T_Equipos[Grupo],MATCH(BD16,T_Equipos[NombreEquipo],0))) -> 4 | CV16: =IF(COUNTIFS($CU$6:$CU$53,CU16,$BC$6:$BC$53,INDEX(T_Equipos[Grupo],MATCH(BD16,T_Equipos[NombreEquipo],0)))=1,"-","P."&CU16&" ("&COUNTIFS($CU$6:$CU$53,CU16,$BC$6:$BC$53,INDEX(T_Equipos[Grupo],MATCH(BD16,T_Equipos[NombreEquipo],0)))&")") -> - | CW16: =IF(CV16="-","-",BL16) -> - | CX16: =CU16+COUNTIFS($CV$6:$CV$53,CV16,$CW$6:CW$53,">"&CW16,$BC$6:$BC$53,INDEX(T_Equipos[Grupo],MATCH(BD16,T_Equipos[NombreEquipo],0))) -> 4 | CY16: =IF(COUNTIFS($CX$6:$CX$53,CX16,$BC$6:$BC$53,INDEX(T_Equipos[Grupo],MATCH(BD16,T_Equipos[NombreEquipo],0)))=1,"-","P."&CX16&" ("&COUNTIFS($CX$6:$CX$53,CX16,$BC$6:$BC$53,INDEX(T_Equipos[Grupo],MATCH(BD16,T_Equipos[NombreEquipo],0)))&")") -> - | CZ16: =IF(CY16="-","-",BJ16) -> - | DA16: =CX16+COUNTIFS($CY$6:$CY$53,CY16,$CZ$6:CZ$53,">"&CZ16,$BC$6:$BC$53,INDEX(T_Equipos[Grupo],MATCH(BD16,T_Equipos[NombreEquipo],0))) -> 4 | DB16: =IF(COUNTIFS($DA$6:$DA$53,DA16,$BC$6:$BC$53,INDEX(T_Equipos[Grupo],MATCH(BD16,T_Equipos[NombreEquipo],0)))=1,"-","P."&DA16&" ("&COUNTIFS($DA$6:$DA$53,DA16,$BC$6:$BC$53,INDEX(T_Equipos[Grupo],MATCH(BD16,T_Equipos[NombreEquipo],0)))&")") -> - | DC16: =IF(DB16="-","-",COUNTIFS(T_Equipos[Rank],"<"&INDEX(T_Equipos[Rank],MATCH(BD16,T_Equipos[NombreEquipo],0)),$BC$6:$BC$53,INDEX(T_Equipos[Grupo],MATCH(BD16,T_Equipos[NombreEquipo],0)))+1) -> - | DD16: =DA16+COUNTIFS($DB$6:$DB$53,DB16,$DC$6:DC$53,"<"&DC16,$BC$6:$BC$53,INDEX(T_Equipos[Grupo],MATCH(BD16,T_Equipos[NombreEquipo],0))) -> 4 | DF16: =IF(OR(INDEX($AW$6:$AW$97,MATCH($BD16,$AV$6:$AV$97,0))="",DB16="-"),DD16,INDEX($AW$6:$AW$97,MATCH($BD16,$AV$6:$AV$97,0))+DD16/1000) -> 4 | DG16: =IF(DB16="-","-",COUNTIFS(DF$6:DF$53,"<"&DF16,$BC$6:$BC$53,INDEX(T_Equipos[Grupo],MATCH(BD16,T_Equipos[NombreEquipo],0)))) -> - | DH16: =DA16+COUNTIFS(DB$6:DB$53,DB16,DG$6:DG$53,"<"&DG16,$BC$6:$BC$53,INDEX(T_Equipos[Grupo],MATCH(BD16,T_Equipos[NombreEquipo],0))) -> 4 | DJ16: =INDEX($DA$6:$DA$53,MATCH($DQ16,$BD$6:$BD$53,0)) -> 3 | DK16: =+SUMIF($BC$6:$BC$53,BC16,$BF$6:$BF$53) -> 8 | DL16: =IF(OR(DK16=12,$AJ$99=144),COUNTIFS($DJ$6:$DJ$53,DJ16,$BC$6:$BC$53,BC16),1) -> 1 | DM16: =DJ16&"."&DL16 -> 3.1 | DN16: {=OFFSET(Horarios!$P$3,DJ16-1,0,DL16,1)} -> 3 | DP16: 3C | DQ16: =INDEX($BD$6:$BD$53,MATCH(DP16,$BM$6:$BM$53,0)) -> Escocia | DT16: =AA16&"-"&AF16 -> Suiza-Canadá
D17: =IF(OR(AC17="",AD17=""),"Pendiente",IF(AC17>AD17,"Local",IF(AC17<AD17,"Visitante","Empate"))) -> Pendiente | E17: =IF(D17="Pendiente","-",INDEX($BT$6:$BT$53,MATCH($AA17,$BD$6:$BD$53,0))) -> - | F17: =IF(D17="Pendiente","-",INDEX($BT$6:$BT$53,MATCH($AF17,$BD$6:$BD$53,0))) -> - | H17: =IF(D17="Pendiente","-",INDEX($BZ$6:$BZ$53,MATCH($AA17,$BD$6:$BD$53,0))) -> - | I17: =IF(D17="Pendiente","-",INDEX($BZ$6:$BZ$53,MATCH($AF17,$BD$6:$BD$53,0))) -> - | K17: =IF(D17="Pendiente","-",INDEX($CE$6:$CE$53,MATCH($AA17,$BD$6:$BD$53,0))) -> - | L17: =IF(D17="Pendiente","-",INDEX($CE$6:$CE$53,MATCH($AF17,$BD$6:$BD$53,0))) -> - | N17: =IF(D17="Pendiente","-",INDEX($CH$6:$CH$53,MATCH($AA17,$BD$6:$BD$53,0))) -> - | O17: =IF(D17="Pendiente","-",INDEX($CH$6:$CH$53,MATCH($AF17,$BD$6:$BD$53,0))) -> - | Q17: =IF(D17="Pendiente","-",INDEX($CN$6:$CN$53,MATCH($AA17,$BD$6:$BD$53,0))) -> - | R17: =IF(D17="Pendiente","-",INDEX($CN$6:$CN$53,MATCH($AF17,$BD$6:$BD$53,0))) -> - | T17: =IF(D17="Pendiente","-",INDEX($CS$6:$CS$53,MATCH($AA17,$BD$6:$BD$53,0))) -> - | U17: =IF(D17="Pendiente","-",INDEX($CS$6:$CS$53,MATCH($AF17,$BD$6:$BD$53,0))) -> - | X17: =Horarios!C17 -> 46197.875 | Y17: =Horarios!C17 -> 46197.875 | Z17: =$Z$8 -> J3 | AA17: =A14 -> Bosnia y Herzegovina | AB17: {=Ver_flag_local} -> #VALUE! | AE17: {=Ver_flag_visit} -> #VALUE! | AF17: =A15 -> Catar | AG17: =IF(NOT(OR(ISBLANK(AC17),ISBLANK(AD17))),1,0) -> 0 | AH17: 52 | AI17: =AJ17&$B$12 -> 4B | AJ17: 4 | AK17: {=Ver_flag_visit} -> #VALUE! | AL17: =IFERROR(INDEX($BD$6:$BD$53,MATCH(AI17,$BN$6:$BN$53,0)),"") -> Catar | AM17: =INDEX($BE$6:$BN$53,MATCH($AL17,$BD$6:$BD$53,0),MATCH(AM$5,$BE$5:$BN$5,0)) -> 1 | AN17: =INDEX($BE$6:$BN$53,MATCH($AL17,$BD$6:$BD$53,0),MATCH(AN$5,$BE$5:$BN$5,0)) -> 2 | AO17: =INDEX($BE$6:$BN$53,MATCH($AL17,$BD$6:$BD$53,0),MATCH(AO$5,$BE$5:$BN$5,0)) -> 0 | AP17: =INDEX($BE$6:$BN$53,MATCH($AL17,$BD$6:$BD$53,0),MATCH(AP$5,$BE$5:$BN$5,0)) -> 1 | AQ17: =INDEX($BE$6:$BN$53,MATCH($AL17,$BD$6:$BD$53,0),MATCH(AQ$5,$BE$5:$BN$5,0)) -> 1 | AR17: =INDEX($BE$6:$BN$53,MATCH($AL17,$BD$6:$BD$53,0),MATCH(AR$5,$BE$5:$BN$5,0)) -> 1 | AS17: =INDEX($BE$6:$BN$53,MATCH($AL17,$BD$6:$BD$53,0),MATCH(AS$5,$BE$5:$BN$5,0)) -> 7 | AT17: =INDEX($BE$6:$BN$53,MATCH($AL17,$BD$6:$BD$53,0),MATCH(AT$5,$BE$5:$BN$5,0)) -> -6 | AU17: =INDEX($DL$6:$DL$53,MATCH(AI17,$DP$6:$DP$53,0)) -> 1 | AV17: =INDEX($BD$6:$BD$53,MATCH(AI17,$BM$6:$BM$53,0)) -> Catar | AY17: =+A16 -> Suiza | BC17: =+INDEX(T_Equipos[Grupo],MATCH(WORLDCUP!BD17,T_Equipos[NombreEquipo],0)) -> C | BD17: =+Equipos!B13 -> Escocia | BE17: =+BG17*3+BH17+IF($AZ$3="no",0,INDEX($AZ$6:$AZ$97,MATCH(BD17,$AY$6:$AY$97,0))) -> 3 | BF17: =+BG17+BH17+BI17 -> 2 | BG17: =+COUNTIFS(FGLocal,BD17,Ganador,"Local")+COUNTIFS(FGVisitante,BD17,Ganador,"Visitante") -> 1 | BH17: =+COUNTIFS(FGLocal,BD17,Ganador,"Empate")+COUNTIFS(FGVisitante,BD17,Ganador,"Empate") -> 0 | BI17: =+COUNTIFS(FGVisitante,BD17,Ganador,"Local")+COUNTIFS(FGLocal,BD17,Ganador,"Visitante") -> 1 | BJ17: =+SUMIFS(FG_GolesLocal,FGLocal,BD17,Ganador,"<>"&"Pendiente",FG_GolesLocal,"<>"&"",FG_GolesVisitante,"<>"&"")+SUMIFS(FG_GolesVisitante,FGVisitante,BD17,Ganador,"<>"&"Pendiente",FG_GolesLocal,"<>"&"",FG_GolesVisitante,"<>"&"") -> 1 | BK17: =+SUMIFS(FG_GolesLocal,FGVisitante,BD17,Ganador,"<>"&"Pendiente",FG_GolesLocal,"<>"&"",FG_GolesVisitante,"<>"&"")+SUMIFS(FG_GolesVisitante,FGLocal,BD17,Ganador,"<>"&"Pendiente",FG_GolesLocal,"<>"&"",FG_GolesVisitante,"<>"&"") -> 1 | BL17: =+BJ17-BK17 -> 0 | BM17: =DD17&BC17 -> 3C | BN17: =DH17&BC17 -> 3C | BO17: =IF(AND($AJ$99=144,BF17>=1),1,0) -> 0 | BP17: =COUNTIFS($BO$6:$BO$53,">"&BO17,$BC$6:$BC$53,INDEX(T_Equipos[Grupo],MATCH(BD17,T_Equipos[NombreEquipo],0)))+1 -> 1 | BQ17: =IF(COUNTIFS($BP$6:$BP$53,BP17,$BC$6:$BC$53,INDEX(T_Equipos[Grupo],MATCH(BD17,T_Equipos[NombreEquipo],0)))=1,"-","P."&BP17&" ("&COUNTIFS($BP$6:$BP$53,BP17,$BC$6:$BC$53,INDEX(T_Equipos[Grupo],MATCH(BD17,T_Equipos[NombreEquipo],0)))&")") -> P.1 (4) | BR17: =IF($BQ17="-","-",BE17) -> 3 | BS17: =BP17+COUNTIFS($BQ$6:$BQ$53,BQ17,$BR$6:BR$53,">"&BR17,$BC$6:$BC$53,INDEX(T_Equipos[Grupo],MATCH(BD17,T_Equipos[NombreEquipo],0))) -> 3 | BT17: =IF(COUNTIFS($BS$6:$BS$53,BS17,$BC$6:$BC$53,INDEX(T_Equipos[Grupo],MATCH(BD17,T_Equipos[NombreEquipo],0)))=1,"-","P."&BS17&" ("&COUNTIFS($BS$6:$BS$53,BS17,$BC$6:$BC$53,INDEX(T_Equipos[Grupo],MATCH(BD17,T_Equipos[NombreEquipo],0)))&")") -> - | BU17: =IF($BT17="-","-",COUNTIFS(FGLocal,$BD17,Ganador,"Local",Part1Empate1V,$BT17)+COUNTIFS(FGVisitante,$BD17,Ganador,"Visitante",Part1Empate1L,$BT17)) -> - | BV17: =IF($BT17="-","-",COUNTIFS(FGLocal,$BD17,Ganador,"Empate",Part1Empate1V,$BT17)+COUNTIFS(FGVisitante,$BD17,Ganador,"Empate",Part1Empate1L,$BT17)) -> - | BW17: =IF($BT17="-","-",COUNTIFS(FGLocal,$BD17,Ganador,"Visitante",Part1Empate1V,$BT17)+COUNTIFS(FGVisitante,$BD17,Ganador,"Local",Part1Empate1L,$BT17)) -> - | BX17: =IF($BT17="-","-",BU17*3+BV17) -> - | BY17: =BS17+COUNTIFS($BT$6:$BT$53,BT17,$BX$6:BX$53,">"&BX17,$BC$6:$BC$53,INDEX(T_Equipos[Grupo],MATCH(BD17,T_Equipos[NombreEquipo],0))) -> 3 | BZ17: =IF(COUNTIFS($BY$6:$BY$53,BY17,$BC$6:$BC$53,INDEX(T_Equipos[Grupo],MATCH(BD17,T_Equipos[NombreEquipo],0)))=1,"-","P."&BY17&" ("&COUNTIFS($BY$6:$BY$53,BY17,$BC$6:$BC$53,INDEX(T_Equipos[Grupo],MATCH(BD17,T_Equipos[NombreEquipo],0)))&")") -> - | CA17: =IF($BZ17="-","-",SUMIFS(FG_GolesLocal,FGLocal,$BD17,Part1Empate2V,$BZ17)+SUMIFS(FG_GolesVisitante,FGVisitante,$BD17,Part1Empate2L,$BZ17)) -> - | CB17: =IF($BZ17="-","-",SUMIFS(FG_GolesVisitante,FGLocal,$BD17,Part1Empate2V,$BZ17)+SUMIFS(FG_GolesLocal,FGVisitante,$BD17,Part1Empate2L,$BZ17)) -> - | CC17: =IF($BZ17="-","-",CA17-CB17) -> - | CD17: =BY17+COUNTIFS($BZ$6:$BZ$53,BZ17,$CC$6:CC$53,">"&CC17,$BC$6:$BC$53,INDEX(T_Equipos[Grupo],MATCH(BD17,T_Equipos[NombreEquipo],0))) -> 3 | CE17: =IF(COUNTIFS($CD$6:$CD$53,CD17,$BC$6:$BC$53,INDEX(T_Equipos[Grupo],MATCH(BD17,T_Equipos[NombreEquipo],0)))=1,"-","P."&CD17&" ("&COUNTIFS($CD$6:$CD$53,CD17,$BC$6:$BC$53,INDEX(T_Equipos[Grupo],MATCH(BD17,T_Equipos[NombreEquipo],0)))&")") -> - | CF17: =IF($CE17="-","-",SUMIFS(FG_GolesLocal,FGLocal,$BD17,Part1Empate3V,$CE17)+SUMIFS(FG_GolesVisitante,FGVisitante,$BD17,Part1Empate3L,$CE17)) -> - | CG17: =CD17+COUNTIFS($CE$6:$CE$53,CE17,$CF$6:CF$53,">"&CF17,$BC$6:$BC$53,INDEX(T_Equipos[Grupo],MATCH(BD17,T_Equipos[NombreEquipo],0))) -> 3 | CH17: =IF(COUNTIFS($CG$6:$CG$53,CG17,$BC$6:$BC$53,INDEX(T_Equipos[Grupo],MATCH(BD17,T_Equipos[NombreEquipo],0)))=1,"-","P."&CG17&" ("&COUNTIFS($CG$6:$CG$53,CG17,$BC$6:$BC$53,INDEX(T_Equipos[Grupo],MATCH(BD17,T_Equipos[NombreEquipo],0)))&")") -> - | CI17: =IF($CH17="-","-",COUNTIFS(FGLocal,$BD17,Ganador,"Local",Part2Empate4V,$CH17)+COUNTIFS(FGVisitante,$BD17,Ganador,"Visitante",Part2Empate4L,$CH17)) -> - | CJ17: =IF($CH17="-","-",COUNTIFS(FGLocal,$BD17,Ganador,"Empate",Part2Empate4V,$CH17)+COUNTIFS(FGVisitante,$BD17,Ganador,"Empate",Part2Empate4L,$CH17)) -> - | CK17: =IF($CH17="-","-",COUNTIFS(FGLocal,$BD17,Ganador,"Visitante",Part2Empate4V,$CH17)+COUNTIFS(FGVisitante,$BD17,Ganador,"Local",Part2Empate4L,$CH17)) -> - | CL17: =IF($CH17="-","-",CI17*3+CJ17) -> - | CM17: =CG17+COUNTIFS($CH$6:$CH$53,CH17,$CL$6:CL$53,">"&CL17,$BC$6:$BC$53,INDEX(T_Equipos[Grupo],MATCH(BD17,T_Equipos[NombreEquipo],0))) -> 3 | CN17: =IF(COUNTIFS($CM$6:$CM$53,CM17,$BC$6:$BC$53,INDEX(T_Equipos[Grupo],MATCH(BD17,T_Equipos[NombreEquipo],0)))=1,"-","P."&CM17&" ("&COUNTIFS($CM$6:$CM$53,CM17,$BC$6:$BC$53,INDEX(T_Equipos[Grupo],MATCH(BD17,T_Equipos[NombreEquipo],0)))&")") -> - | CO17: =IF($CN17="-","-",SUMIFS(FG_GolesLocal,FGLocal,$BD17,Part2Empate5V,$CN17)+SUMIFS(FG_GolesVisitante,FGVisitante,$BD17,Part2Empate5L,$CN17)) -> - | CP17: =IF($CN17="-","-",SUMIFS(FG_GolesVisitante,FGLocal,$BD17,Part2Empate5V,$CN17)+SUMIFS(FG_GolesLocal,FGVisitante,$BD17,Part2Empate5L,$CN17)) -> - | CQ17: =IF($CN17="-","-",CO17-CP17) -> - | CR17: =CM17+COUNTIFS($CN$6:$CN$53,CN17,$CQ$6:CQ$53,">"&CQ17,$BC$6:$BC$53,INDEX(T_Equipos[Grupo],MATCH(BD17,T_Equipos[NombreEquipo],0))) -> 3 | CS17: =IF(COUNTIFS($CR$6:$CR$53,CR17,$BC$6:$BC$53,INDEX(T_Equipos[Grupo],MATCH(BD17,T_Equipos[NombreEquipo],0)))=1,"-","P."&CR17&" ("&COUNTIFS($CR$6:$CR$53,CR17,$BC$6:$BC$53,INDEX(T_Equipos[Grupo],MATCH(BD17,T_Equipos[NombreEquipo],0)))&")") -> - | CT17: =IF($CS17="-","-",SUMIFS(FG_GolesLocal,FGLocal,$BD17,Part2Empate6V,$CS17)+SUMIFS(FG_GolesVisitante,FGVisitante,$BD17,Part2Empate6L,$CS17)) -> - | CU17: =CR17+COUNTIFS($CS$6:$CS$53,CS17,$CT$6:CT$53,">"&CT17,$BC$6:$BC$53,INDEX(T_Equipos[Grupo],MATCH(BD17,T_Equipos[NombreEquipo],0))) -> 3 | CV17: =IF(COUNTIFS($CU$6:$CU$53,CU17,$BC$6:$BC$53,INDEX(T_Equipos[Grupo],MATCH(BD17,T_Equipos[NombreEquipo],0)))=1,"-","P."&CU17&" ("&COUNTIFS($CU$6:$CU$53,CU17,$BC$6:$BC$53,INDEX(T_Equipos[Grupo],MATCH(BD17,T_Equipos[NombreEquipo],0)))&")") -> - | CW17: =IF(CV17="-","-",BL17) -> - | CX17: =CU17+COUNTIFS($CV$6:$CV$53,CV17,$CW$6:CW$53,">"&CW17,$BC$6:$BC$53,INDEX(T_Equipos[Grupo],MATCH(BD17,T_Equipos[NombreEquipo],0))) -> 3 | CY17: =IF(COUNTIFS($CX$6:$CX$53,CX17,$BC$6:$BC$53,INDEX(T_Equipos[Grupo],MATCH(BD17,T_Equipos[NombreEquipo],0)))=1,"-","P."&CX17&" ("&COUNTIFS($CX$6:$CX$53,CX17,$BC$6:$BC$53,INDEX(T_Equipos[Grupo],MATCH(BD17,T_Equipos[NombreEquipo],0)))&")") -> - | CZ17: =IF(CY17="-","-",BJ17) -> - | DA17: =CX17+COUNTIFS($CY$6:$CY$53,CY17,$CZ$6:CZ$53,">"&CZ17,$BC$6:$BC$53,INDEX(T_Equipos[Grupo],MATCH(BD17,T_Equipos[NombreEquipo],0))) -> 3 | DB17: =IF(COUNTIFS($DA$6:$DA$53,DA17,$BC$6:$BC$53,INDEX(T_Equipos[Grupo],MATCH(BD17,T_Equipos[NombreEquipo],0)))=1,"-","P."&DA17&" ("&COUNTIFS($DA$6:$DA$53,DA17,$BC$6:$BC$53,INDEX(T_Equipos[Grupo],MATCH(BD17,T_Equipos[NombreEquipo],0)))&")") -> - | DC17: =IF(DB17="-","-",COUNTIFS(T_Equipos[Rank],"<"&INDEX(T_Equipos[Rank],MATCH(BD17,T_Equipos[NombreEquipo],0)),$BC$6:$BC$53,INDEX(T_Equipos[Grupo],MATCH(BD17,T_Equipos[NombreEquipo],0)))+1) -> - | DD17: =DA17+COUNTIFS($DB$6:$DB$53,DB17,$DC$6:DC$53,"<"&DC17,$BC$6:$BC$53,INDEX(T_Equipos[Grupo],MATCH(BD17,T_Equipos[NombreEquipo],0))) -> 3 | DF17: =IF(OR(INDEX($AW$6:$AW$97,MATCH($BD17,$AV$6:$AV$97,0))="",DB17="-"),DD17,INDEX($AW$6:$AW$97,MATCH($BD17,$AV$6:$AV$97,0))+DD17/1000) -> 3 | DG17: =IF(DB17="-","-",COUNTIFS(DF$6:DF$53,"<"&DF17,$BC$6:$BC$53,INDEX(T_Equipos[Grupo],MATCH(BD17,T_Equipos[NombreEquipo],0)))) -> - | DH17: =DA17+COUNTIFS(DB$6:DB$53,DB17,DG$6:DG$53,"<"&DG17,$BC$6:$BC$53,INDEX(T_Equipos[Grupo],MATCH(BD17,T_Equipos[NombreEquipo],0))) -> 3 | DJ17: =INDEX($DA$6:$DA$53,MATCH($DQ17,$BD$6:$BD$53,0)) -> 4 | DK17: =+SUMIF($BC$6:$BC$53,BC17,$BF$6:$BF$53) -> 8 | DL17: =IF(OR(DK17=12,$AJ$99=144),COUNTIFS($DJ$6:$DJ$53,DJ17,$BC$6:$BC$53,BC17),1) -> 1 | DM17: =DJ17&"."&DL17 -> 4.1 | DN17: {=OFFSET(Horarios!$P$3,DJ17-1,0,DL17,1)} -> 4 | DP17: 4C | DQ17: =INDEX($BD$6:$BD$53,MATCH(DP17,$BM$6:$BM$53,0)) -> Haití | DT17: =AA17&"-"&AF17 -> Bosnia y Herzegovina-Catar
BC18: =+INDEX(T_Equipos[Grupo],MATCH(WORLDCUP!BD18,T_Equipos[NombreEquipo],0)) -> D | BD18: =+Equipos!B14 -> Estados Unidos | BE18: =+BG18*3+BH18+IF($AZ$3="no",0,INDEX($AZ$6:$AZ$97,MATCH(BD18,$AY$6:$AY$97,0))) -> 6 | BF18: =+BG18+BH18+BI18 -> 2 | BG18: =+COUNTIFS(FGLocal,BD18,Ganador,"Local")+COUNTIFS(FGVisitante,BD18,Ganador,"Visitante") -> 2 | BH18: =+COUNTIFS(FGLocal,BD18,Ganador,"Empate")+COUNTIFS(FGVisitante,BD18,Ganador,"Empate") -> 0 | BI18: =+COUNTIFS(FGVisitante,BD18,Ganador,"Local")+COUNTIFS(FGLocal,BD18,Ganador,"Visitante") -> 0 | BJ18: =+SUMIFS(FG_GolesLocal,FGLocal,BD18,Ganador,"<>"&"Pendiente",FG_GolesLocal,"<>"&"",FG_GolesVisitante,"<>"&"")+SUMIFS(FG_GolesVisitante,FGVisitante,BD18,Ganador,"<>"&"Pendiente",FG_GolesLocal,"<>"&"",FG_GolesVisitante,"<>"&"") -> 6 | BK18: =+SUMIFS(FG_GolesLocal,FGVisitante,BD18,Ganador,"<>"&"Pendiente",FG_GolesLocal,"<>"&"",FG_GolesVisitante,"<>"&"")+SUMIFS(FG_GolesVisitante,FGLocal,BD18,Ganador,"<>"&"Pendiente",FG_GolesLocal,"<>"&"",FG_GolesVisitante,"<>"&"") -> 1 | BL18: =+BJ18-BK18 -> 5 | BM18: =DD18&BC18 -> 1D | BN18: =DH18&BC18 -> 1D | BO18: =IF(AND($AJ$99=144,BF18>=1),1,0) -> 0 | BP18: =COUNTIFS($BO$6:$BO$53,">"&BO18,$BC$6:$BC$53,INDEX(T_Equipos[Grupo],MATCH(BD18,T_Equipos[NombreEquipo],0)))+1 -> 1 | BQ18: =IF(COUNTIFS($BP$6:$BP$53,BP18,$BC$6:$BC$53,INDEX(T_Equipos[Grupo],MATCH(BD18,T_Equipos[NombreEquipo],0)))=1,"-","P."&BP18&" ("&COUNTIFS($BP$6:$BP$53,BP18,$BC$6:$BC$53,INDEX(T_Equipos[Grupo],MATCH(BD18,T_Equipos[NombreEquipo],0)))&")") -> P.1 (4) | BR18: =IF($BQ18="-","-",BE18) -> 6 | BS18: =BP18+COUNTIFS($BQ$6:$BQ$53,BQ18,$BR$6:BR$53,">"&BR18,$BC$6:$BC$53,INDEX(T_Equipos[Grupo],MATCH(BD18,T_Equipos[NombreEquipo],0))) -> 1 | BT18: =IF(COUNTIFS($BS$6:$BS$53,BS18,$BC$6:$BC$53,INDEX(T_Equipos[Grupo],MATCH(BD18,T_Equipos[NombreEquipo],0)))=1,"-","P."&BS18&" ("&COUNTIFS($BS$6:$BS$53,BS18,$BC$6:$BC$53,INDEX(T_Equipos[Grupo],MATCH(BD18,T_Equipos[NombreEquipo],0)))&")") -> - | BU18: =IF($BT18="-","-",COUNTIFS(FGLocal,$BD18,Ganador,"Local",Part1Empate1V,$BT18)+COUNTIFS(FGVisitante,$BD18,Ganador,"Visitante",Part1Empate1L,$BT18)) -> - | BV18: =IF($BT18="-","-",COUNTIFS(FGLocal,$BD18,Ganador,"Empate",Part1Empate1V,$BT18)+COUNTIFS(FGVisitante,$BD18,Ganador,"Empate",Part1Empate1L,$BT18)) -> - | BW18: =IF($BT18="-","-",COUNTIFS(FGLocal,$BD18,Ganador,"Visitante",Part1Empate1V,$BT18)+COUNTIFS(FGVisitante,$BD18,Ganador,"Local",Part1Empate1L,$BT18)) -> - | BX18: =IF($BT18="-","-",BU18*3+BV18) -> - | BY18: =BS18+COUNTIFS($BT$6:$BT$53,BT18,$BX$6:BX$53,">"&BX18,$BC$6:$BC$53,INDEX(T_Equipos[Grupo],MATCH(BD18,T_Equipos[NombreEquipo],0))) -> 1 | BZ18: =IF(COUNTIFS($BY$6:$BY$53,BY18,$BC$6:$BC$53,INDEX(T_Equipos[Grupo],MATCH(BD18,T_Equipos[NombreEquipo],0)))=1,"-","P."&BY18&" ("&COUNTIFS($BY$6:$BY$53,BY18,$BC$6:$BC$53,INDEX(T_Equipos[Grupo],MATCH(BD18,T_Equipos[NombreEquipo],0)))&")") -> - | CA18: =IF($BZ18="-","-",SUMIFS(FG_GolesLocal,FGLocal,$BD18,Part1Empate2V,$BZ18)+SUMIFS(FG_GolesVisitante,FGVisitante,$BD18,Part1Empate2L,$BZ18)) -> - | CB18: =IF($BZ18="-","-",SUMIFS(FG_GolesVisitante,FGLocal,$BD18,Part1Empate2V,$BZ18)+SUMIFS(FG_GolesLocal,FGVisitante,$BD18,Part1Empate2L,$BZ18)) -> - | CC18: =IF($BZ18="-","-",CA18-CB18) -> - | CD18: =BY18+COUNTIFS($BZ$6:$BZ$53,BZ18,$CC$6:CC$53,">"&CC18,$BC$6:$BC$53,INDEX(T_Equipos[Grupo],MATCH(BD18,T_Equipos[NombreEquipo],0))) -> 1 | CE18: =IF(COUNTIFS($CD$6:$CD$53,CD18,$BC$6:$BC$53,INDEX(T_Equipos[Grupo],MATCH(BD18,T_Equipos[NombreEquipo],0)))=1,"-","P."&CD18&" ("&COUNTIFS($CD$6:$CD$53,CD18,$BC$6:$BC$53,INDEX(T_Equipos[Grupo],MATCH(BD18,T_Equipos[NombreEquipo],0)))&")") -> - | CF18: =IF($CE18="-","-",SUMIFS(FG_GolesLocal,FGLocal,$BD18,Part1Empate3V,$CE18)+SUMIFS(FG_GolesVisitante,FGVisitante,$BD18,Part1Empate3L,$CE18)) -> - | CG18: =CD18+COUNTIFS($CE$6:$CE$53,CE18,$CF$6:CF$53,">"&CF18,$BC$6:$BC$53,INDEX(T_Equipos[Grupo],MATCH(BD18,T_Equipos[NombreEquipo],0))) -> 1 | CH18: =IF(COUNTIFS($CG$6:$CG$53,CG18,$BC$6:$BC$53,INDEX(T_Equipos[Grupo],MATCH(BD18,T_Equipos[NombreEquipo],0)))=1,"-","P."&CG18&" ("&COUNTIFS($CG$6:$CG$53,CG18,$BC$6:$BC$53,INDEX(T_Equipos[Grupo],MATCH(BD18,T_Equipos[NombreEquipo],0)))&")") -> - | CI18: =IF($CH18="-","-",COUNTIFS(FGLocal,$BD18,Ganador,"Local",Part2Empate4V,$CH18)+COUNTIFS(FGVisitante,$BD18,Ganador,"Visitante",Part2Empate4L,$CH18)) -> - | CJ18: =IF($CH18="-","-",COUNTIFS(FGLocal,$BD18,Ganador,"Empate",Part2Empate4V,$CH18)+COUNTIFS(FGVisitante,$BD18,Ganador,"Empate",Part2Empate4L,$CH18)) -> - | CK18: =IF($CH18="-","-",COUNTIFS(FGLocal,$BD18,Ganador,"Visitante",Part2Empate4V,$CH18)+COUNTIFS(FGVisitante,$BD18,Ganador,"Local",Part2Empate4L,$CH18)) -> - | CL18: =IF($CH18="-","-",CI18*3+CJ18) -> - | CM18: =CG18+COUNTIFS($CH$6:$CH$53,CH18,$CL$6:CL$53,">"&CL18,$BC$6:$BC$53,INDEX(T_Equipos[Grupo],MATCH(BD18,T_Equipos[NombreEquipo],0))) -> 1 | CN18: =IF(COUNTIFS($CM$6:$CM$53,CM18,$BC$6:$BC$53,INDEX(T_Equipos[Grupo],MATCH(BD18,T_Equipos[NombreEquipo],0)))=1,"-","P."&CM18&" ("&COUNTIFS($CM$6:$CM$53,CM18,$BC$6:$BC$53,INDEX(T_Equipos[Grupo],MATCH(BD18,T_Equipos[NombreEquipo],0)))&")") -> - | CO18: =IF($CN18="-","-",SUMIFS(FG_GolesLocal,FGLocal,$BD18,Part2Empate5V,$CN18)+SUMIFS(FG_GolesVisitante,FGVisitante,$BD18,Part2Empate5L,$CN18)) -> - | CP18: =IF($CN18="-","-",SUMIFS(FG_GolesVisitante,FGLocal,$BD18,Part2Empate5V,$CN18)+SUMIFS(FG_GolesLocal,FGVisitante,$BD18,Part2Empate5L,$CN18)) -> - | CQ18: =IF($CN18="-","-",CO18-CP18) -> - | CR18: =CM18+COUNTIFS($CN$6:$CN$53,CN18,$CQ$6:CQ$53,">"&CQ18,$BC$6:$BC$53,INDEX(T_Equipos[Grupo],MATCH(BD18,T_Equipos[NombreEquipo],0))) -> 1 | CS18: =IF(COUNTIFS($CR$6:$CR$53,CR18,$BC$6:$BC$53,INDEX(T_Equipos[Grupo],MATCH(BD18,T_Equipos[NombreEquipo],0)))=1,"-","P."&CR18&" ("&COUNTIFS($CR$6:$CR$53,CR18,$BC$6:$BC$53,INDEX(T_Equipos[Grupo],MATCH(BD18,T_Equipos[NombreEquipo],0)))&")") -> - | CT18: =IF($CS18="-","-",SUMIFS(FG_GolesLocal,FGLocal,$BD18,Part2Empate6V,$CS18)+SUMIFS(FG_GolesVisitante,FGVisitante,$BD18,Part2Empate6L,$CS18)) -> - | CU18: =CR18+COUNTIFS($CS$6:$CS$53,CS18,$CT$6:CT$53,">"&CT18,$BC$6:$BC$53,INDEX(T_Equipos[Grupo],MATCH(BD18,T_Equipos[NombreEquipo],0))) -> 1 | CV18: =IF(COUNTIFS($CU$6:$CU$53,CU18,$BC$6:$BC$53,INDEX(T_Equipos[Grupo],MATCH(BD18,T_Equipos[NombreEquipo],0)))=1,"-","P."&CU18&" ("&COUNTIFS($CU$6:$CU$53,CU18,$BC$6:$BC$53,INDEX(T_Equipos[Grupo],MATCH(BD18,T_Equipos[NombreEquipo],0)))&")") -> - | CW18: =IF(CV18="-","-",BL18) -> - | CX18: =CU18+COUNTIFS($CV$6:$CV$53,CV18,$CW$6:CW$53,">"&CW18,$BC$6:$BC$53,INDEX(T_Equipos[Grupo],MATCH(BD18,T_Equipos[NombreEquipo],0))) -> 1 | CY18: =IF(COUNTIFS($CX$6:$CX$53,CX18,$BC$6:$BC$53,INDEX(T_Equipos[Grupo],MATCH(BD18,T_Equipos[NombreEquipo],0)))=1,"-","P."&CX18&" ("&COUNTIFS($CX$6:$CX$53,CX18,$BC$6:$BC$53,INDEX(T_Equipos[Grupo],MATCH(BD18,T_Equipos[NombreEquipo],0)))&")") -> - | CZ18: =IF(CY18="-","-",BJ18) -> - | DA18: =CX18+COUNTIFS($CY$6:$CY$53,CY18,$CZ$6:CZ$53,">"&CZ18,$BC$6:$BC$53,INDEX(T_Equipos[Grupo],MATCH(BD18,T_Equipos[NombreEquipo],0))) -> 1 | DB18: =IF(COUNTIFS($DA$6:$DA$53,DA18,$BC$6:$BC$53,INDEX(T_Equipos[Grupo],MATCH(BD18,T_Equipos[NombreEquipo],0)))=1,"-","P."&DA18&" ("&COUNTIFS($DA$6:$DA$53,DA18,$BC$6:$BC$53,INDEX(T_Equipos[Grupo],MATCH(BD18,T_Equipos[NombreEquipo],0)))&")") -> - | DC18: =IF(DB18="-","-",COUNTIFS(T_Equipos[Rank],"<"&INDEX(T_Equipos[Rank],MATCH(BD18,T_Equipos[NombreEquipo],0)),$BC$6:$BC$53,INDEX(T_Equipos[Grupo],MATCH(BD18,T_Equipos[NombreEquipo],0)))+1) -> - | DD18: =DA18+COUNTIFS($DB$6:$DB$53,DB18,$DC$6:DC$53,"<"&DC18,$BC$6:$BC$53,INDEX(T_Equipos[Grupo],MATCH(BD18,T_Equipos[NombreEquipo],0))) -> 1 | DF18: =IF(OR(INDEX($AW$6:$AW$97,MATCH($BD18,$AV$6:$AV$97,0))="",DB18="-"),DD18,INDEX($AW$6:$AW$97,MATCH($BD18,$AV$6:$AV$97,0))+DD18/1000) -> 1 | DG18: =IF(DB18="-","-",COUNTIFS(DF$6:DF$53,"<"&DF18,$BC$6:$BC$53,INDEX(T_Equipos[Grupo],MATCH(BD18,T_Equipos[NombreEquipo],0)))) -> - | DH18: =DA18+COUNTIFS(DB$6:DB$53,DB18,DG$6:DG$53,"<"&DG18,$BC$6:$BC$53,INDEX(T_Equipos[Grupo],MATCH(BD18,T_Equipos[NombreEquipo],0))) -> 1 | DJ18: =INDEX($DA$6:$DA$53,MATCH($DQ18,$BD$6:$BD$53,0)) -> 1 | DK18: =+SUMIF($BC$6:$BC$53,BC18,$BF$6:$BF$53) -> 8 | DL18: =IF(OR(DK18=12,$AJ$99=144),COUNTIFS($DJ$6:$DJ$53,DJ18,$BC$6:$BC$53,BC18),1) -> 1 | DM18: =DJ18&"."&DL18 -> 1.1 | DN18: {=OFFSET(Horarios!$P$3,DJ18-1,0,DL18,1)} -> 1 | DP18: 1D | DQ18: =INDEX($BD$6:$BD$53,MATCH(DP18,$BM$6:$BM$53,0)) -> Estados Unidos | DT18: =AA18&"-"&AF18 -> -
X19: =X3 -> Fecha | Y19: =Y3 -> Hora | Z19: =Z3 -> Jor. | AA19: =AA3 -> Casa | AC19: =AC3 -> Gol | AD19: =AD3 -> Gol | AF19: =AF3 -> Fuera | BC19: =+INDEX(T_Equipos[Grupo],MATCH(WORLDCUP!BD19,T_Equipos[NombreEquipo],0)) -> D | BD19: =+Equipos!B15 -> Paraguay | BE19: =+BG19*3+BH19+IF($AZ$3="no",0,INDEX($AZ$6:$AZ$97,MATCH(BD19,$AY$6:$AY$97,0))) -> 3 | BF19: =+BG19+BH19+BI19 -> 2 | BG19: =+COUNTIFS(FGLocal,BD19,Ganador,"Local")+COUNTIFS(FGVisitante,BD19,Ganador,"Visitante") -> 1 | BH19: =+COUNTIFS(FGLocal,BD19,Ganador,"Empate")+COUNTIFS(FGVisitante,BD19,Ganador,"Empate") -> 0 | BI19: =+COUNTIFS(FGVisitante,BD19,Ganador,"Local")+COUNTIFS(FGLocal,BD19,Ganador,"Visitante") -> 1 | BJ19: =+SUMIFS(FG_GolesLocal,FGLocal,BD19,Ganador,"<>"&"Pendiente",FG_GolesLocal,"<>"&"",FG_GolesVisitante,"<>"&"")+SUMIFS(FG_GolesVisitante,FGVisitante,BD19,Ganador,"<>"&"Pendiente",FG_GolesLocal,"<>"&"",FG_GolesVisitante,"<>"&"") -> 2 | BK19: =+SUMIFS(FG_GolesLocal,FGVisitante,BD19,Ganador,"<>"&"Pendiente",FG_GolesLocal,"<>"&"",FG_GolesVisitante,"<>"&"")+SUMIFS(FG_GolesVisitante,FGLocal,BD19,Ganador,"<>"&"Pendiente",FG_GolesLocal,"<>"&"",FG_GolesVisitante,"<>"&"") -> 4 | BL19: =+BJ19-BK19 -> -2 | BM19: =DD19&BC19 -> 3D | BN19: =DH19&BC19 -> 3D | BO19: =IF(AND($AJ$99=144,BF19>=1),1,0) -> 0 | BP19: =COUNTIFS($BO$6:$BO$53,">"&BO19,$BC$6:$BC$53,INDEX(T_Equipos[Grupo],MATCH(BD19,T_Equipos[NombreEquipo],0)))+1 -> 1 | BQ19: =IF(COUNTIFS($BP$6:$BP$53,BP19,$BC$6:$BC$53,INDEX(T_Equipos[Grupo],MATCH(BD19,T_Equipos[NombreEquipo],0)))=1,"-","P."&BP19&" ("&COUNTIFS($BP$6:$BP$53,BP19,$BC$6:$BC$53,INDEX(T_Equipos[Grupo],MATCH(BD19,T_Equipos[NombreEquipo],0)))&")") -> P.1 (4) | BR19: =IF($BQ19="-","-",BE19) -> 3 | BS19: =BP19+COUNTIFS($BQ$6:$BQ$53,BQ19,$BR$6:BR$53,">"&BR19,$BC$6:$BC$53,INDEX(T_Equipos[Grupo],MATCH(BD19,T_Equipos[NombreEquipo],0))) -> 2 | BT19: =IF(COUNTIFS($BS$6:$BS$53,BS19,$BC$6:$BC$53,INDEX(T_Equipos[Grupo],MATCH(BD19,T_Equipos[NombreEquipo],0)))=1,"-","P."&BS19&" ("&COUNTIFS($BS$6:$BS$53,BS19,$BC$6:$BC$53,INDEX(T_Equipos[Grupo],MATCH(BD19,T_Equipos[NombreEquipo],0)))&")") -> P.2 (2) | BU19: =IF($BT19="-","-",COUNTIFS(FGLocal,$BD19,Ganador,"Local",Part1Empate1V,$BT19)+COUNTIFS(FGVisitante,$BD19,Ganador,"Visitante",Part1Empate1L,$BT19)) -> 0 | BV19: =IF($BT19="-","-",COUNTIFS(FGLocal,$BD19,Ganador,"Empate",Part1Empate1V,$BT19)+COUNTIFS(FGVisitante,$BD19,Ganador,"Empate",Part1Empate1L,$BT19)) -> 0 | BW19: =IF($BT19="-","-",COUNTIFS(FGLocal,$BD19,Ganador,"Visitante",Part1Empate1V,$BT19)+COUNTIFS(FGVisitante,$BD19,Ganador,"Local",Part1Empate1L,$BT19)) -> 0 | BX19: =IF($BT19="-","-",BU19*3+BV19) -> 0 | BY19: =BS19+COUNTIFS($BT$6:$BT$53,BT19,$BX$6:BX$53,">"&BX19,$BC$6:$BC$53,INDEX(T_Equipos[Grupo],MATCH(BD19,T_Equipos[NombreEquipo],0))) -> 2 | BZ19: =IF(COUNTIFS($BY$6:$BY$53,BY19,$BC$6:$BC$53,INDEX(T_Equipos[Grupo],MATCH(BD19,T_Equipos[NombreEquipo],0)))=1,"-","P."&BY19&" ("&COUNTIFS($BY$6:$BY$53,BY19,$BC$6:$BC$53,INDEX(T_Equipos[Grupo],MATCH(BD19,T_Equipos[NombreEquipo],0)))&")") -> P.2 (2) | CA19: =IF($BZ19="-","-",SUMIFS(FG_GolesLocal,FGLocal,$BD19,Part1Empate2V,$BZ19)+SUMIFS(FG_GolesVisitante,FGVisitante,$BD19,Part1Empate2L,$BZ19)) -> 0 | CB19: =IF($BZ19="-","-",SUMIFS(FG_GolesVisitante,FGLocal,$BD19,Part1Empate2V,$BZ19)+SUMIFS(FG_GolesLocal,FGVisitante,$BD19,Part1Empate2L,$BZ19)) -> 0 | CC19: =IF($BZ19="-","-",CA19-CB19) -> 0 | CD19: =BY19+COUNTIFS($BZ$6:$BZ$53,BZ19,$CC$6:CC$53,">"&CC19,$BC$6:$BC$53,INDEX(T_Equipos[Grupo],MATCH(BD19,T_Equipos[NombreEquipo],0))) -> 2 | CE19: =IF(COUNTIFS($CD$6:$CD$53,CD19,$BC$6:$BC$53,INDEX(T_Equipos[Grupo],MATCH(BD19,T_Equipos[NombreEquipo],0)))=1,"-","P."&CD19&" ("&COUNTIFS($CD$6:$CD$53,CD19,$BC$6:$BC$53,INDEX(T_Equipos[Grupo],MATCH(BD19,T_Equipos[NombreEquipo],0)))&")") -> P.2 (2) | CF19: =IF($CE19="-","-",SUMIFS(FG_GolesLocal,FGLocal,$BD19,Part1Empate3V,$CE19)+SUMIFS(FG_GolesVisitante,FGVisitante,$BD19,Part1Empate3L,$CE19)) -> 0 | CG19: =CD19+COUNTIFS($CE$6:$CE$53,CE19,$CF$6:CF$53,">"&CF19,$BC$6:$BC$53,INDEX(T_Equipos[Grupo],MATCH(BD19,T_Equipos[NombreEquipo],0))) -> 2 | CH19: =IF(COUNTIFS($CG$6:$CG$53,CG19,$BC$6:$BC$53,INDEX(T_Equipos[Grupo],MATCH(BD19,T_Equipos[NombreEquipo],0)))=1,"-","P."&CG19&" ("&COUNTIFS($CG$6:$CG$53,CG19,$BC$6:$BC$53,INDEX(T_Equipos[Grupo],MATCH(BD19,T_Equipos[NombreEquipo],0)))&")") -> P.2 (2) | CI19: =IF($CH19="-","-",COUNTIFS(FGLocal,$BD19,Ganador,"Local",Part2Empate4V,$CH19)+COUNTIFS(FGVisitante,$BD19,Ganador,"Visitante",Part2Empate4L,$CH19)) -> 0 | CJ19: =IF($CH19="-","-",COUNTIFS(FGLocal,$BD19,Ganador,"Empate",Part2Empate4V,$CH19)+COUNTIFS(FGVisitante,$BD19,Ganador,"Empate",Part2Empate4L,$CH19)) -> 0 | CK19: =IF($CH19="-","-",COUNTIFS(FGLocal,$BD19,Ganador,"Visitante",Part2Empate4V,$CH19)+COUNTIFS(FGVisitante,$BD19,Ganador,"Local",Part2Empate4L,$CH19)) -> 0 | CL19: =IF($CH19="-","-",CI19*3+CJ19) -> 0 | CM19: =CG19+COUNTIFS($CH$6:$CH$53,CH19,$CL$6:CL$53,">"&CL19,$BC$6:$BC$53,INDEX(T_Equipos[Grupo],MATCH(BD19,T_Equipos[NombreEquipo],0))) -> 2 | CN19: =IF(COUNTIFS($CM$6:$CM$53,CM19,$BC$6:$BC$53,INDEX(T_Equipos[Grupo],MATCH(BD19,T_Equipos[NombreEquipo],0)))=1,"-","P."&CM19&" ("&COUNTIFS($CM$6:$CM$53,CM19,$BC$6:$BC$53,INDEX(T_Equipos[Grupo],MATCH(BD19,T_Equipos[NombreEquipo],0)))&")") -> P.2 (2) | CO19: =IF($CN19="-","-",SUMIFS(FG_GolesLocal,FGLocal,$BD19,Part2Empate5V,$CN19)+SUMIFS(FG_GolesVisitante,FGVisitante,$BD19,Part2Empate5L,$CN19)) -> 0 | CP19: =IF($CN19="-","-",SUMIFS(FG_GolesVisitante,FGLocal,$BD19,Part2Empate5V,$CN19)+SUMIFS(FG_GolesLocal,FGVisitante,$BD19,Part2Empate5L,$CN19)) -> 0 | CQ19: =IF($CN19="-","-",CO19-CP19) -> 0 | CR19: =CM19+COUNTIFS($CN$6:$CN$53,CN19,$CQ$6:CQ$53,">"&CQ19,$BC$6:$BC$53,INDEX(T_Equipos[Grupo],MATCH(BD19,T_Equipos[NombreEquipo],0))) -> 2 | CS19: =IF(COUNTIFS($CR$6:$CR$53,CR19,$BC$6:$BC$53,INDEX(T_Equipos[Grupo],MATCH(BD19,T_Equipos[NombreEquipo],0)))=1,"-","P."&CR19&" ("&COUNTIFS($CR$6:$CR$53,CR19,$BC$6:$BC$53,INDEX(T_Equipos[Grupo],MATCH(BD19,T_Equipos[NombreEquipo],0)))&")") -> P.2 (2) | CT19: =IF($CS19="-","-",SUMIFS(FG_GolesLocal,FGLocal,$BD19,Part2Empate6V,$CS19)+SUMIFS(FG_GolesVisitante,FGVisitante,$BD19,Part2Empate6L,$CS19)) -> 0 | CU19: =CR19+COUNTIFS($CS$6:$CS$53,CS19,$CT$6:CT$53,">"&CT19,$BC$6:$BC$53,INDEX(T_Equipos[Grupo],MATCH(BD19,T_Equipos[NombreEquipo],0))) -> 2 | CV19: =IF(COUNTIFS($CU$6:$CU$53,CU19,$BC$6:$BC$53,INDEX(T_Equipos[Grupo],MATCH(BD19,T_Equipos[NombreEquipo],0)))=1,"-","P."&CU19&" ("&COUNTIFS($CU$6:$CU$53,CU19,$BC$6:$BC$53,INDEX(T_Equipos[Grupo],MATCH(BD19,T_Equipos[NombreEquipo],0)))&")") -> P.2 (2) | CW19: =IF(CV19="-","-",BL19) -> -2 | CX19: =CU19+COUNTIFS($CV$6:$CV$53,CV19,$CW$6:CW$53,">"&CW19,$BC$6:$BC$53,INDEX(T_Equipos[Grupo],MATCH(BD19,T_Equipos[NombreEquipo],0))) -> 3 | CY19: =IF(COUNTIFS($CX$6:$CX$53,CX19,$BC$6:$BC$53,INDEX(T_Equipos[Grupo],MATCH(BD19,T_Equipos[NombreEquipo],0)))=1,"-","P."&CX19&" ("&COUNTIFS($CX$6:$CX$53,CX19,$BC$6:$BC$53,INDEX(T_Equipos[Grupo],MATCH(BD19,T_Equipos[NombreEquipo],0)))&")") -> - | CZ19: =IF(CY19="-","-",BJ19) -> - | DA19: =CX19+COUNTIFS($CY$6:$CY$53,CY19,$CZ$6:CZ$53,">"&CZ19,$BC$6:$BC$53,INDEX(T_Equipos[Grupo],MATCH(BD19,T_Equipos[NombreEquipo],0))) -> 3 | DB19: =IF(COUNTIFS($DA$6:$DA$53,DA19,$BC$6:$BC$53,INDEX(T_Equipos[Grupo],MATCH(BD19,T_Equipos[NombreEquipo],0)))=1,"-","P."&DA19&" ("&COUNTIFS($DA$6:$DA$53,DA19,$BC$6:$BC$53,INDEX(T_Equipos[Grupo],MATCH(BD19,T_Equipos[NombreEquipo],0)))&")") -> - | DC19: =IF(DB19="-","-",COUNTIFS(T_Equipos[Rank],"<"&INDEX(T_Equipos[Rank],MATCH(BD19,T_Equipos[NombreEquipo],0)),$BC$6:$BC$53,INDEX(T_Equipos[Grupo],MATCH(BD19,T_Equipos[NombreEquipo],0)))+1) -> - | DD19: =DA19+COUNTIFS($DB$6:$DB$53,DB19,$DC$6:DC$53,"<"&DC19,$BC$6:$BC$53,INDEX(T_Equipos[Grupo],MATCH(BD19,T_Equipos[NombreEquipo],0))) -> 3 | DF19: =IF(OR(INDEX($AW$6:$AW$97,MATCH($BD19,$AV$6:$AV$97,0))="",DB19="-"),DD19,INDEX($AW$6:$AW$97,MATCH($BD19,$AV$6:$AV$97,0))+DD19/1000) -> 3 | DG19: =IF(DB19="-","-",COUNTIFS(DF$6:DF$53,"<"&DF19,$BC$6:$BC$53,INDEX(T_Equipos[Grupo],MATCH(BD19,T_Equipos[NombreEquipo],0)))) -> - | DH19: =DA19+COUNTIFS(DB$6:DB$53,DB19,DG$6:DG$53,"<"&DG19,$BC$6:$BC$53,INDEX(T_Equipos[Grupo],MATCH(BD19,T_Equipos[NombreEquipo],0))) -> 3 | DJ19: =INDEX($DA$6:$DA$53,MATCH($DQ19,$BD$6:$BD$53,0)) -> 2 | DK19: =+SUMIF($BC$6:$BC$53,BC19,$BF$6:$BF$53) -> 8 | DL19: =IF(OR(DK19=12,$AJ$99=144),COUNTIFS($DJ$6:$DJ$53,DJ19,$BC$6:$BC$53,BC19),1) -> 1 | DM19: =DJ19&"."&DL19 -> 2.1 | DN19: {=OFFSET(Horarios!$P$3,DJ19-1,0,DL19,1)} -> 2 | DP19: 2D | DQ19: =INDEX($BD$6:$BD$53,MATCH(DP19,$BM$6:$BM$53,0)) -> Australia | DT19: =AA19&"-"&AF19 -> Casa-Fuera
A20: NombreEquipo | B20: C | C20: =COUNTIF(Equipos!$C$2:$C$49,WORLDCUP!B20) -> 4 | D20: =IF(OR(AC20="",AD20=""),"Pendiente",IF(AC20>AD20,"Local",IF(AC20<AD20,"Visitante","Empate"))) -> Empate | E20: =IF(D20="Pendiente","-",INDEX($BT$6:$BT$53,MATCH($AA20,$BD$6:$BD$53,0))) -> P.1 (2) | F20: =IF(D20="Pendiente","-",INDEX($BT$6:$BT$53,MATCH($AF20,$BD$6:$BD$53,0))) -> P.1 (2) | H20: =IF(D20="Pendiente","-",INDEX($BZ$6:$BZ$53,MATCH($AA20,$BD$6:$BD$53,0))) -> P.1 (2) | I20: =IF(D20="Pendiente","-",INDEX($BZ$6:$BZ$53,MATCH($AF20,$BD$6:$BD$53,0))) -> P.1 (2) | K20: =IF(D20="Pendiente","-",INDEX($CE$6:$CE$53,MATCH($AA20,$BD$6:$BD$53,0))) -> P.1 (2) | L20: =IF(D20="Pendiente","-",INDEX($CE$6:$CE$53,MATCH($AF20,$BD$6:$BD$53,0))) -> P.1 (2) | N20: =IF(D20="Pendiente","-",INDEX($CH$6:$CH$53,MATCH($AA20,$BD$6:$BD$53,0))) -> P.1 (2) | O20: =IF(D20="Pendiente","-",INDEX($CH$6:$CH$53,MATCH($AF20,$BD$6:$BD$53,0))) -> P.1 (2) | Q20: =IF(D20="Pendiente","-",INDEX($CN$6:$CN$53,MATCH($AA20,$BD$6:$BD$53,0))) -> P.1 (2) | R20: =IF(D20="Pendiente","-",INDEX($CN$6:$CN$53,MATCH($AF20,$BD$6:$BD$53,0))) -> P.1 (2) | T20: =IF(D20="Pendiente","-",INDEX($CS$6:$CS$53,MATCH($AA20,$BD$6:$BD$53,0))) -> P.1 (2) | U20: =IF(D20="Pendiente","-",INDEX($CS$6:$CS$53,MATCH($AF20,$BD$6:$BD$53,0))) -> P.1 (2) | W20: C | X20: =Horarios!C20 -> 46187 | Y20: =Horarios!C20 -> 46187 | Z20: =$Z$4 -> J1 | AA20: =A21 -> Brasil | AB20: {=Ver_flag_local} -> #VALUE! | AC20: 1 | AD20: 1 | AE20: {=Ver_flag_visit} -> #VALUE! | AF20: =A22 -> Marruecos | AG20: =IF(NOT(OR(ISBLANK(AC20),ISBLANK(AD20))),1,0) -> 1 | AH20: 7 | AJ20: =CONCATENATE(AJ3," ",B20) -> Grupo C | AV20: =IF(AU21>0,$AV$3,"") | BC20: =+INDEX(T_Equipos[Grupo],MATCH(WORLDCUP!BD20,T_Equipos[NombreEquipo],0)) -> D | BD20: =+Equipos!B16 -> Australia | BE20: =+BG20*3+BH20+IF($AZ$3="no",0,INDEX($AZ$6:$AZ$97,MATCH(BD20,$AY$6:$AY$97,0))) -> 3 | BF20: =+BG20+BH20+BI20 -> 2 | BG20: =+COUNTIFS(FGLocal,BD20,Ganador,"Local")+COUNTIFS(FGVisitante,BD20,Ganador,"Visitante") -> 1 | BH20: =+COUNTIFS(FGLocal,BD20,Ganador,"Empate")+COUNTIFS(FGVisitante,BD20,Ganador,"Empate") -> 0 | BI20: =+COUNTIFS(FGVisitante,BD20,Ganador,"Local")+COUNTIFS(FGLocal,BD20,Ganador,"Visitante") -> 1 | BJ20: =+SUMIFS(FG_GolesLocal,FGLocal,BD20,Ganador,"<>"&"Pendiente",FG_GolesLocal,"<>"&"",FG_GolesVisitante,"<>"&"")+SUMIFS(FG_GolesVisitante,FGVisitante,BD20,Ganador,"<>"&"Pendiente",FG_GolesLocal,"<>"&"",FG_GolesVisitante,"<>"&"") -> 2 | BK20: =+SUMIFS(FG_GolesLocal,FGVisitante,BD20,Ganador,"<>"&"Pendiente",FG_GolesLocal,"<>"&"",FG_GolesVisitante,"<>"&"")+SUMIFS(FG_GolesVisitante,FGLocal,BD20,Ganador,"<>"&"Pendiente",FG_GolesLocal,"<>"&"",FG_GolesVisitante,"<>"&"") -> 2 | BL20: =+BJ20-BK20 -> 0 | BM20: =DD20&BC20 -> 2D | BN20: =DH20&BC20 -> 2D | BO20: =IF(AND($AJ$99=144,BF20>=1),1,0) -> 0 | BP20: =COUNTIFS($BO$6:$BO$53,">"&BO20,$BC$6:$BC$53,INDEX(T_Equipos[Grupo],MATCH(BD20,T_Equipos[NombreEquipo],0)))+1 -> 1 | BQ20: =IF(COUNTIFS($BP$6:$BP$53,BP20,$BC$6:$BC$53,INDEX(T_Equipos[Grupo],MATCH(BD20,T_Equipos[NombreEquipo],0)))=1,"-","P."&BP20&" ("&COUNTIFS($BP$6:$BP$53,BP20,$BC$6:$BC$53,INDEX(T_Equipos[Grupo],MATCH(BD20,T_Equipos[NombreEquipo],0)))&")") -> P.1 (4) | BR20: =IF($BQ20="-","-",BE20) -> 3 | BS20: =BP20+COUNTIFS($BQ$6:$BQ$53,BQ20,$BR$6:BR$53,">"&BR20,$BC$6:$BC$53,INDEX(T_Equipos[Grupo],MATCH(BD20,T_Equipos[NombreEquipo],0))) -> 2 | BT20: =IF(COUNTIFS($BS$6:$BS$53,BS20,$BC$6:$BC$53,INDEX(T_Equipos[Grupo],MATCH(BD20,T_Equipos[NombreEquipo],0)))=1,"-","P."&BS20&" ("&COUNTIFS($BS$6:$BS$53,BS20,$BC$6:$BC$53,INDEX(T_Equipos[Grupo],MATCH(BD20,T_Equipos[NombreEquipo],0)))&")") -> P.2 (2) | BU20: =IF($BT20="-","-",COUNTIFS(FGLocal,$BD20,Ganador,"Local",Part1Empate1V,$BT20)+COUNTIFS(FGVisitante,$BD20,Ganador,"Visitante",Part1Empate1L,$BT20)) -> 0 | BV20: =IF($BT20="-","-",COUNTIFS(FGLocal,$BD20,Ganador,"Empate",Part1Empate1V,$BT20)+COUNTIFS(FGVisitante,$BD20,Ganador,"Empate",Part1Empate1L,$BT20)) -> 0 | BW20: =IF($BT20="-","-",COUNTIFS(FGLocal,$BD20,Ganador,"Visitante",Part1Empate1V,$BT20)+COUNTIFS(FGVisitante,$BD20,Ganador,"Local",Part1Empate1L,$BT20)) -> 0 | BX20: =IF($BT20="-","-",BU20*3+BV20) -> 0 | BY20: =BS20+COUNTIFS($BT$6:$BT$53,BT20,$BX$6:BX$53,">"&BX20,$BC$6:$BC$53,INDEX(T_Equipos[Grupo],MATCH(BD20,T_Equipos[NombreEquipo],0))) -> 2 | BZ20: =IF(COUNTIFS($BY$6:$BY$53,BY20,$BC$6:$BC$53,INDEX(T_Equipos[Grupo],MATCH(BD20,T_Equipos[NombreEquipo],0)))=1,"-","P."&BY20&" ("&COUNTIFS($BY$6:$BY$53,BY20,$BC$6:$BC$53,INDEX(T_Equipos[Grupo],MATCH(BD20,T_Equipos[NombreEquipo],0)))&")") -> P.2 (2) | CA20: =IF($BZ20="-","-",SUMIFS(FG_GolesLocal,FGLocal,$BD20,Part1Empate2V,$BZ20)+SUMIFS(FG_GolesVisitante,FGVisitante,$BD20,Part1Empate2L,$BZ20)) -> 0 | CB20: =IF($BZ20="-","-",SUMIFS(FG_GolesVisitante,FGLocal,$BD20,Part1Empate2V,$BZ20)+SUMIFS(FG_GolesLocal,FGVisitante,$BD20,Part1Empate2L,$BZ20)) -> 0 | CC20: =IF($BZ20="-","-",CA20-CB20) -> 0 | CD20: =BY20+COUNTIFS($BZ$6:$BZ$53,BZ20,$CC$6:CC$53,">"&CC20,$BC$6:$BC$53,INDEX(T_Equipos[Grupo],MATCH(BD20,T_Equipos[NombreEquipo],0))) -> 2 | CE20: =IF(COUNTIFS($CD$6:$CD$53,CD20,$BC$6:$BC$53,INDEX(T_Equipos[Grupo],MATCH(BD20,T_Equipos[NombreEquipo],0)))=1,"-","P."&CD20&" ("&COUNTIFS($CD$6:$CD$53,CD20,$BC$6:$BC$53,INDEX(T_Equipos[Grupo],MATCH(BD20,T_Equipos[NombreEquipo],0)))&")") -> P.2 (2) | CF20: =IF($CE20="-","-",SUMIFS(FG_GolesLocal,FGLocal,$BD20,Part1Empate3V,$CE20)+SUMIFS(FG_GolesVisitante,FGVisitante,$BD20,Part1Empate3L,$CE20)) -> 0 | CG20: =CD20+COUNTIFS($CE$6:$CE$53,CE20,$CF$6:CF$53,">"&CF20,$BC$6:$BC$53,INDEX(T_Equipos[Grupo],MATCH(BD20,T_Equipos[NombreEquipo],0))) -> 2 | CH20: =IF(COUNTIFS($CG$6:$CG$53,CG20,$BC$6:$BC$53,INDEX(T_Equipos[Grupo],MATCH(BD20,T_Equipos[NombreEquipo],0)))=1,"-","P."&CG20&" ("&COUNTIFS($CG$6:$CG$53,CG20,$BC$6:$BC$53,INDEX(T_Equipos[Grupo],MATCH(BD20,T_Equipos[NombreEquipo],0)))&")") -> P.2 (2) | CI20: =IF($CH20="-","-",COUNTIFS(FGLocal,$BD20,Ganador,"Local",Part2Empate4V,$CH20)+COUNTIFS(FGVisitante,$BD20,Ganador,"Visitante",Part2Empate4L,$CH20)) -> 0 | CJ20: =IF($CH20="-","-",COUNTIFS(FGLocal,$BD20,Ganador,"Empate",Part2Empate4V,$CH20)+COUNTIFS(FGVisitante,$BD20,Ganador,"Empate",Part2Empate4L,$CH20)) -> 0 | CK20: =IF($CH20="-","-",COUNTIFS(FGLocal,$BD20,Ganador,"Visitante",Part2Empate4V,$CH20)+COUNTIFS(FGVisitante,$BD20,Ganador,"Local",Part2Empate4L,$CH20)) -> 0 | CL20: =IF($CH20="-","-",CI20*3+CJ20) -> 0 | CM20: =CG20+COUNTIFS($CH$6:$CH$53,CH20,$CL$6:CL$53,">"&CL20,$BC$6:$BC$53,INDEX(T_Equipos[Grupo],MATCH(BD20,T_Equipos[NombreEquipo],0))) -> 2 | CN20: =IF(COUNTIFS($CM$6:$CM$53,CM20,$BC$6:$BC$53,INDEX(T_Equipos[Grupo],MATCH(BD20,T_Equipos[NombreEquipo],0)))=1,"-","P."&CM20&" ("&COUNTIFS($CM$6:$CM$53,CM20,$BC$6:$BC$53,INDEX(T_Equipos[Grupo],MATCH(BD20,T_Equipos[NombreEquipo],0)))&")") -> P.2 (2) | CO20: =IF($CN20="-","-",SUMIFS(FG_GolesLocal,FGLocal,$BD20,Part2Empate5V,$CN20)+SUMIFS(FG_GolesVisitante,FGVisitante,$BD20,Part2Empate5L,$CN20)) -> 0 | CP20: =IF($CN20="-","-",SUMIFS(FG_GolesVisitante,FGLocal,$BD20,Part2Empate5V,$CN20)+SUMIFS(FG_GolesLocal,FGVisitante,$BD20,Part2Empate5L,$CN20)) -> 0 | CQ20: =IF($CN20="-","-",CO20-CP20) -> 0 | CR20: =CM20+COUNTIFS($CN$6:$CN$53,CN20,$CQ$6:CQ$53,">"&CQ20,$BC$6:$BC$53,INDEX(T_Equipos[Grupo],MATCH(BD20,T_Equipos[NombreEquipo],0))) -> 2 | CS20: =IF(COUNTIFS($CR$6:$CR$53,CR20,$BC$6:$BC$53,INDEX(T_Equipos[Grupo],MATCH(BD20,T_Equipos[NombreEquipo],0)))=1,"-","P."&CR20&" ("&COUNTIFS($CR$6:$CR$53,CR20,$BC$6:$BC$53,INDEX(T_Equipos[Grupo],MATCH(BD20,T_Equipos[NombreEquipo],0)))&")") -> P.2 (2) | CT20: =IF($CS20="-","-",SUMIFS(FG_GolesLocal,FGLocal,$BD20,Part2Empate6V,$CS20)+SUMIFS(FG_GolesVisitante,FGVisitante,$BD20,Part2Empate6L,$CS20)) -> 0 | CU20: =CR20+COUNTIFS($CS$6:$CS$53,CS20,$CT$6:CT$53,">"&CT20,$BC$6:$BC$53,INDEX(T_Equipos[Grupo],MATCH(BD20,T_Equipos[NombreEquipo],0))) -> 2 | CV20: =IF(COUNTIFS($CU$6:$CU$53,CU20,$BC$6:$BC$53,INDEX(T_Equipos[Grupo],MATCH(BD20,T_Equipos[NombreEquipo],0)))=1,"-","P."&CU20&" ("&COUNTIFS($CU$6:$CU$53,CU20,$BC$6:$BC$53,INDEX(T_Equipos[Grupo],MATCH(BD20,T_Equipos[NombreEquipo],0)))&")") -> P.2 (2) | CW20: =IF(CV20="-","-",BL20) -> 0 | CX20: =CU20+COUNTIFS($CV$6:$CV$53,CV20,$CW$6:CW$53,">"&CW20,$BC$6:$BC$53,INDEX(T_Equipos[Grupo],MATCH(BD20,T_Equipos[NombreEquipo],0))) -> 2 | CY20: =IF(COUNTIFS($CX$6:$CX$53,CX20,$BC$6:$BC$53,INDEX(T_Equipos[Grupo],MATCH(BD20,T_Equipos[NombreEquipo],0)))=1,"-","P."&CX20&" ("&COUNTIFS($CX$6:$CX$53,CX20,$BC$6:$BC$53,INDEX(T_Equipos[Grupo],MATCH(BD20,T_Equipos[NombreEquipo],0)))&")") -> - | CZ20: =IF(CY20="-","-",BJ20) -> - | DA20: =CX20+COUNTIFS($CY$6:$CY$53,CY20,$CZ$6:CZ$53,">"&CZ20,$BC$6:$BC$53,INDEX(T_Equipos[Grupo],MATCH(BD20,T_Equipos[NombreEquipo],0))) -> 2 | DB20: =IF(COUNTIFS($DA$6:$DA$53,DA20,$BC$6:$BC$53,INDEX(T_Equipos[Grupo],MATCH(BD20,T_Equipos[NombreEquipo],0)))=1,"-","P."&DA20&" ("&COUNTIFS($DA$6:$DA$53,DA20,$BC$6:$BC$53,INDEX(T_Equipos[Grupo],MATCH(BD20,T_Equipos[NombreEquipo],0)))&")") -> - | DC20: =IF(DB20="-","-",COUNTIFS(T_Equipos[Rank],"<"&INDEX(T_Equipos[Rank],MATCH(BD20,T_Equipos[NombreEquipo],0)),$BC$6:$BC$53,INDEX(T_Equipos[Grupo],MATCH(BD20,T_Equipos[NombreEquipo],0)))+1) -> - | DD20: =DA20+COUNTIFS($DB$6:$DB$53,DB20,$DC$6:DC$53,"<"&DC20,$BC$6:$BC$53,INDEX(T_Equipos[Grupo],MATCH(BD20,T_Equipos[NombreEquipo],0))) -> 2 | DF20: =IF(OR(INDEX($AW$6:$AW$97,MATCH($BD20,$AV$6:$AV$97,0))="",DB20="-"),DD20,INDEX($AW$6:$AW$97,MATCH($BD20,$AV$6:$AV$97,0))+DD20/1000) -> 2 | DG20: =IF(DB20="-","-",COUNTIFS(DF$6:DF$53,"<"&DF20,$BC$6:$BC$53,INDEX(T_Equipos[Grupo],MATCH(BD20,T_Equipos[NombreEquipo],0)))) -> - | DH20: =DA20+COUNTIFS(DB$6:DB$53,DB20,DG$6:DG$53,"<"&DG20,$BC$6:$BC$53,INDEX(T_Equipos[Grupo],MATCH(BD20,T_Equipos[NombreEquipo],0))) -> 2 | DJ20: =INDEX($DA$6:$DA$53,MATCH($DQ20,$BD$6:$BD$53,0)) -> 3 | DK20: =+SUMIF($BC$6:$BC$53,BC20,$BF$6:$BF$53) -> 8 | DL20: =IF(OR(DK20=12,$AJ$99=144),COUNTIFS($DJ$6:$DJ$53,DJ20,$BC$6:$BC$53,BC20),1) -> 1 | DM20: =DJ20&"."&DL20 -> 3.1 | DN20: {=OFFSET(Horarios!$P$3,DJ20-1,0,DL20,1)} -> 3 | DP20: 3D | DQ20: =INDEX($BD$6:$BD$53,MATCH(DP20,$BM$6:$BM$53,0)) -> Paraguay | DT20: =AA20&"-"&AF20 -> Brasil-Marruecos
A21: =+Equipos!B10 -> Brasil | D21: =IF(OR(AC21="",AD21=""),"Pendiente",IF(AC21>AD21,"Local",IF(AC21<AD21,"Visitante","Empate"))) -> Visitante | E21: =IF(D21="Pendiente","-",INDEX($BT$6:$BT$53,MATCH($AA21,$BD$6:$BD$53,0))) -> - | F21: =IF(D21="Pendiente","-",INDEX($BT$6:$BT$53,MATCH($AF21,$BD$6:$BD$53,0))) -> - | H21: =IF(D21="Pendiente","-",INDEX($BZ$6:$BZ$53,MATCH($AA21,$BD$6:$BD$53,0))) -> - | I21: =IF(D21="Pendiente","-",INDEX($BZ$6:$BZ$53,MATCH($AF21,$BD$6:$BD$53,0))) -> - | K21: =IF(D21="Pendiente","-",INDEX($CE$6:$CE$53,MATCH($AA21,$BD$6:$BD$53,0))) -> - | L21: =IF(D21="Pendiente","-",INDEX($CE$6:$CE$53,MATCH($AF21,$BD$6:$BD$53,0))) -> - | N21: =IF(D21="Pendiente","-",INDEX($CH$6:$CH$53,MATCH($AA21,$BD$6:$BD$53,0))) -> - | O21: =IF(D21="Pendiente","-",INDEX($CH$6:$CH$53,MATCH($AF21,$BD$6:$BD$53,0))) -> - | Q21: =IF(D21="Pendiente","-",INDEX($CN$6:$CN$53,MATCH($AA21,$BD$6:$BD$53,0))) -> - | R21: =IF(D21="Pendiente","-",INDEX($CN$6:$CN$53,MATCH($AF21,$BD$6:$BD$53,0))) -> - | T21: =IF(D21="Pendiente","-",INDEX($CS$6:$CS$53,MATCH($AA21,$BD$6:$BD$53,0))) -> - | U21: =IF(D21="Pendiente","-",INDEX($CS$6:$CS$53,MATCH($AF21,$BD$6:$BD$53,0))) -> - | X21: =Horarios!C21 -> 46187.125 | Y21: =Horarios!C21 -> 46187.125 | Z21: =$Z$4 -> J1 | AA21: =A23 -> Haití | AB21: {=Ver_flag_local} -> #VALUE! | AC21: 0 | AD21: 1 | AE21: {=Ver_flag_visit} -> #VALUE! | AF21: =A24 -> Escocia | AG21: =IF(NOT(OR(ISBLANK(AC21),ISBLANK(AD21))),1,0) -> 1 | AH21: 5 | AJ21: =AJ5 -> Pos | AL21: =AL5 -> Selección | AM21: =AM5 -> Pts | AN21: =AN5 -> J | AO21: =AO5 -> G | AP21: =AP5 -> E | AQ21: =AQ5 -> P | AR21: =AR5 -> GF | AS21: =AS5 -> GC | AT21: =AT5 -> DG | AU21: =COUNTIF(AU22:AU25,">1") -> 0 | AY21: =AL21 -> Selección | AZ21: =+Idiomas!$D$69 -> Puntos penalizados | BC21: =+INDEX(T_Equipos[Grupo],MATCH(WORLDCUP!BD21,T_Equipos[NombreEquipo],0)) -> D | BD21: =+Equipos!B17 -> Turquía | BE21: =+BG21*3+BH21+IF($AZ$3="no",0,INDEX($AZ$6:$AZ$97,MATCH(BD21,$AY$6:$AY$97,0))) -> 0 | BF21: =+BG21+BH21+BI21 -> 2 | BG21: =+COUNTIFS(FGLocal,BD21,Ganador,"Local")+COUNTIFS(FGVisitante,BD21,Ganador,"Visitante") -> 0 | BH21: =+COUNTIFS(FGLocal,BD21,Ganador,"Empate")+COUNTIFS(FGVisitante,BD21,Ganador,"Empate") -> 0 | BI21: =+COUNTIFS(FGVisitante,BD21,Ganador,"Local")+COUNTIFS(FGLocal,BD21,Ganador,"Visitante") -> 2 | BJ21: =+SUMIFS(FG_GolesLocal,FGLocal,BD21,Ganador,"<>"&"Pendiente",FG_GolesLocal,"<>"&"",FG_GolesVisitante,"<>"&"")+SUMIFS(FG_GolesVisitante,FGVisitante,BD21,Ganador,"<>"&"Pendiente",FG_GolesLocal,"<>"&"",FG_GolesVisitante,"<>"&"") -> 0 | BK21: =+SUMIFS(FG_GolesLocal,FGVisitante,BD21,Ganador,"<>"&"Pendiente",FG_GolesLocal,"<>"&"",FG_GolesVisitante,"<>"&"")+SUMIFS(FG_GolesVisitante,FGLocal,BD21,Ganador,"<>"&"Pendiente",FG_GolesLocal,"<>"&"",FG_GolesVisitante,"<>"&"") -> 3 | BL21: =+BJ21-BK21 -> -3 | BM21: =DD21&BC21 -> 4D | BN21: =DH21&BC21 -> 4D | BO21: =IF(AND($AJ$99=144,BF21>=1),1,0) -> 0 | BP21: =COUNTIFS($BO$6:$BO$53,">"&BO21,$BC$6:$BC$53,INDEX(T_Equipos[Grupo],MATCH(BD21,T_Equipos[NombreEquipo],0)))+1 -> 1 | BQ21: =IF(COUNTIFS($BP$6:$BP$53,BP21,$BC$6:$BC$53,INDEX(T_Equipos[Grupo],MATCH(BD21,T_Equipos[NombreEquipo],0)))=1,"-","P."&BP21&" ("&COUNTIFS($BP$6:$BP$53,BP21,$BC$6:$BC$53,INDEX(T_Equipos[Grupo],MATCH(BD21,T_Equipos[NombreEquipo],0)))&")") -> P.1 (4) | BR21: =IF($BQ21="-","-",BE21) -> 0 | BS21: =BP21+COUNTIFS($BQ$6:$BQ$53,BQ21,$BR$6:BR$53,">"&BR21,$BC$6:$BC$53,INDEX(T_Equipos[Grupo],MATCH(BD21,T_Equipos[NombreEquipo],0))) -> 4 | BT21: =IF(COUNTIFS($BS$6:$BS$53,BS21,$BC$6:$BC$53,INDEX(T_Equipos[Grupo],MATCH(BD21,T_Equipos[NombreEquipo],0)))=1,"-","P."&BS21&" ("&COUNTIFS($BS$6:$BS$53,BS21,$BC$6:$BC$53,INDEX(T_Equipos[Grupo],MATCH(BD21,T_Equipos[NombreEquipo],0)))&")") -> - | BU21: =IF($BT21="-","-",COUNTIFS(FGLocal,$BD21,Ganador,"Local",Part1Empate1V,$BT21)+COUNTIFS(FGVisitante,$BD21,Ganador,"Visitante",Part1Empate1L,$BT21)) -> - | BV21: =IF($BT21="-","-",COUNTIFS(FGLocal,$BD21,Ganador,"Empate",Part1Empate1V,$BT21)+COUNTIFS(FGVisitante,$BD21,Ganador,"Empate",Part1Empate1L,$BT21)) -> - | BW21: =IF($BT21="-","-",COUNTIFS(FGLocal,$BD21,Ganador,"Visitante",Part1Empate1V,$BT21)+COUNTIFS(FGVisitante,$BD21,Ganador,"Local",Part1Empate1L,$BT21)) -> - | BX21: =IF($BT21="-","-",BU21*3+BV21) -> - | BY21: =BS21+COUNTIFS($BT$6:$BT$53,BT21,$BX$6:BX$53,">"&BX21,$BC$6:$BC$53,INDEX(T_Equipos[Grupo],MATCH(BD21,T_Equipos[NombreEquipo],0))) -> 4 | BZ21: =IF(COUNTIFS($BY$6:$BY$53,BY21,$BC$6:$BC$53,INDEX(T_Equipos[Grupo],MATCH(BD21,T_Equipos[NombreEquipo],0)))=1,"-","P."&BY21&" ("&COUNTIFS($BY$6:$BY$53,BY21,$BC$6:$BC$53,INDEX(T_Equipos[Grupo],MATCH(BD21,T_Equipos[NombreEquipo],0)))&")") -> - | CA21: =IF($BZ21="-","-",SUMIFS(FG_GolesLocal,FGLocal,$BD21,Part1Empate2V,$BZ21)+SUMIFS(FG_GolesVisitante,FGVisitante,$BD21,Part1Empate2L,$BZ21)) -> - | CB21: =IF($BZ21="-","-",SUMIFS(FG_GolesVisitante,FGLocal,$BD21,Part1Empate2V,$BZ21)+SUMIFS(FG_GolesLocal,FGVisitante,$BD21,Part1Empate2L,$BZ21)) -> - | CC21: =IF($BZ21="-","-",CA21-CB21) -> - | CD21: =BY21+COUNTIFS($BZ$6:$BZ$53,BZ21,$CC$6:CC$53,">"&CC21,$BC$6:$BC$53,INDEX(T_Equipos[Grupo],MATCH(BD21,T_Equipos[NombreEquipo],0))) -> 4 | CE21: =IF(COUNTIFS($CD$6:$CD$53,CD21,$BC$6:$BC$53,INDEX(T_Equipos[Grupo],MATCH(BD21,T_Equipos[NombreEquipo],0)))=1,"-","P."&CD21&" ("&COUNTIFS($CD$6:$CD$53,CD21,$BC$6:$BC$53,INDEX(T_Equipos[Grupo],MATCH(BD21,T_Equipos[NombreEquipo],0)))&")") -> - | CF21: =IF($CE21="-","-",SUMIFS(FG_GolesLocal,FGLocal,$BD21,Part1Empate3V,$CE21)+SUMIFS(FG_GolesVisitante,FGVisitante,$BD21,Part1Empate3L,$CE21)) -> - | CG21: =CD21+COUNTIFS($CE$6:$CE$53,CE21,$CF$6:CF$53,">"&CF21,$BC$6:$BC$53,INDEX(T_Equipos[Grupo],MATCH(BD21,T_Equipos[NombreEquipo],0))) -> 4 | CH21: =IF(COUNTIFS($CG$6:$CG$53,CG21,$BC$6:$BC$53,INDEX(T_Equipos[Grupo],MATCH(BD21,T_Equipos[NombreEquipo],0)))=1,"-","P."&CG21&" ("&COUNTIFS($CG$6:$CG$53,CG21,$BC$6:$BC$53,INDEX(T_Equipos[Grupo],MATCH(BD21,T_Equipos[NombreEquipo],0)))&")") -> - | CI21: =IF($CH21="-","-",COUNTIFS(FGLocal,$BD21,Ganador,"Local",Part2Empate4V,$CH21)+COUNTIFS(FGVisitante,$BD21,Ganador,"Visitante",Part2Empate4L,$CH21)) -> - | CJ21: =IF($CH21="-","-",COUNTIFS(FGLocal,$BD21,Ganador,"Empate",Part2Empate4V,$CH21)+COUNTIFS(FGVisitante,$BD21,Ganador,"Empate",Part2Empate4L,$CH21)) -> - | CK21: =IF($CH21="-","-",COUNTIFS(FGLocal,$BD21,Ganador,"Visitante",Part2Empate4V,$CH21)+COUNTIFS(FGVisitante,$BD21,Ganador,"Local",Part2Empate4L,$CH21)) -> - | CL21: =IF($CH21="-","-",CI21*3+CJ21) -> - | CM21: =CG21+COUNTIFS($CH$6:$CH$53,CH21,$CL$6:CL$53,">"&CL21,$BC$6:$BC$53,INDEX(T_Equipos[Grupo],MATCH(BD21,T_Equipos[NombreEquipo],0))) -> 4 | CN21: =IF(COUNTIFS($CM$6:$CM$53,CM21,$BC$6:$BC$53,INDEX(T_Equipos[Grupo],MATCH(BD21,T_Equipos[NombreEquipo],0)))=1,"-","P."&CM21&" ("&COUNTIFS($CM$6:$CM$53,CM21,$BC$6:$BC$53,INDEX(T_Equipos[Grupo],MATCH(BD21,T_Equipos[NombreEquipo],0)))&")") -> - | CO21: =IF($CN21="-","-",SUMIFS(FG_GolesLocal,FGLocal,$BD21,Part2Empate5V,$CN21)+SUMIFS(FG_GolesVisitante,FGVisitante,$BD21,Part2Empate5L,$CN21)) -> - | CP21: =IF($CN21="-","-",SUMIFS(FG_GolesVisitante,FGLocal,$BD21,Part2Empate5V,$CN21)+SUMIFS(FG_GolesLocal,FGVisitante,$BD21,Part2Empate5L,$CN21)) -> - | CQ21: =IF($CN21="-","-",CO21-CP21) -> - | CR21: =CM21+COUNTIFS($CN$6:$CN$53,CN21,$CQ$6:CQ$53,">"&CQ21,$BC$6:$BC$53,INDEX(T_Equipos[Grupo],MATCH(BD21,T_Equipos[NombreEquipo],0))) -> 4 | CS21: =IF(COUNTIFS($CR$6:$CR$53,CR21,$BC$6:$BC$53,INDEX(T_Equipos[Grupo],MATCH(BD21,T_Equipos[NombreEquipo],0)))=1,"-","P."&CR21&" ("&COUNTIFS($CR$6:$CR$53,CR21,$BC$6:$BC$53,INDEX(T_Equipos[Grupo],MATCH(BD21,T_Equipos[NombreEquipo],0)))&")") -> - | CT21: =IF($CS21="-","-",SUMIFS(FG_GolesLocal,FGLocal,$BD21,Part2Empate6V,$CS21)+SUMIFS(FG_GolesVisitante,FGVisitante,$BD21,Part2Empate6L,$CS21)) -> - | CU21: =CR21+COUNTIFS($CS$6:$CS$53,CS21,$CT$6:CT$53,">"&CT21,$BC$6:$BC$53,INDEX(T_Equipos[Grupo],MATCH(BD21,T_Equipos[NombreEquipo],0))) -> 4 | CV21: =IF(COUNTIFS($CU$6:$CU$53,CU21,$BC$6:$BC$53,INDEX(T_Equipos[Grupo],MATCH(BD21,T_Equipos[NombreEquipo],0)))=1,"-","P."&CU21&" ("&COUNTIFS($CU$6:$CU$53,CU21,$BC$6:$BC$53,INDEX(T_Equipos[Grupo],MATCH(BD21,T_Equipos[NombreEquipo],0)))&")") -> - | CW21: =IF(CV21="-","-",BL21) -> - | CX21: =CU21+COUNTIFS($CV$6:$CV$53,CV21,$CW$6:CW$53,">"&CW21,$BC$6:$BC$53,INDEX(T_Equipos[Grupo],MATCH(BD21,T_Equipos[NombreEquipo],0))) -> 4 | CY21: =IF(COUNTIFS($CX$6:$CX$53,CX21,$BC$6:$BC$53,INDEX(T_Equipos[Grupo],MATCH(BD21,T_Equipos[NombreEquipo],0)))=1,"-","P."&CX21&" ("&COUNTIFS($CX$6:$CX$53,CX21,$BC$6:$BC$53,INDEX(T_Equipos[Grupo],MATCH(BD21,T_Equipos[NombreEquipo],0)))&")") -> - | CZ21: =IF(CY21="-","-",BJ21) -> - | DA21: =CX21+COUNTIFS($CY$6:$CY$53,CY21,$CZ$6:CZ$53,">"&CZ21,$BC$6:$BC$53,INDEX(T_Equipos[Grupo],MATCH(BD21,T_Equipos[NombreEquipo],0))) -> 4 | DB21: =IF(COUNTIFS($DA$6:$DA$53,DA21,$BC$6:$BC$53,INDEX(T_Equipos[Grupo],MATCH(BD21,T_Equipos[NombreEquipo],0)))=1,"-","P."&DA21&" ("&COUNTIFS($DA$6:$DA$53,DA21,$BC$6:$BC$53,INDEX(T_Equipos[Grupo],MATCH(BD21,T_Equipos[NombreEquipo],0)))&")") -> - | DC21: =IF(DB21="-","-",COUNTIFS(T_Equipos[Rank],"<"&INDEX(T_Equipos[Rank],MATCH(BD21,T_Equipos[NombreEquipo],0)),$BC$6:$BC$53,INDEX(T_Equipos[Grupo],MATCH(BD21,T_Equipos[NombreEquipo],0)))+1) -> - | DD21: =DA21+COUNTIFS($DB$6:$DB$53,DB21,$DC$6:DC$53,"<"&DC21,$BC$6:$BC$53,INDEX(T_Equipos[Grupo],MATCH(BD21,T_Equipos[NombreEquipo],0))) -> 4 | DF21: =IF(OR(INDEX($AW$6:$AW$97,MATCH($BD21,$AV$6:$AV$97,0))="",DB21="-"),DD21,INDEX($AW$6:$AW$97,MATCH($BD21,$AV$6:$AV$97,0))+DD21/1000) -> 4 | DG21: =IF(DB21="-","-",COUNTIFS(DF$6:DF$53,"<"&DF21,$BC$6:$BC$53,INDEX(T_Equipos[Grupo],MATCH(BD21,T_Equipos[NombreEquipo],0)))) -> - | DH21: =DA21+COUNTIFS(DB$6:DB$53,DB21,DG$6:DG$53,"<"&DG21,$BC$6:$BC$53,INDEX(T_Equipos[Grupo],MATCH(BD21,T_Equipos[NombreEquipo],0))) -> 4 | DJ21: =INDEX($DA$6:$DA$53,MATCH($DQ21,$BD$6:$BD$53,0)) -> 4 | DK21: =+SUMIF($BC$6:$BC$53,BC21,$BF$6:$BF$53) -> 8 | DL21: =IF(OR(DK21=12,$AJ$99=144),COUNTIFS($DJ$6:$DJ$53,DJ21,$BC$6:$BC$53,BC21),1) -> 1 | DM21: =DJ21&"."&DL21 -> 4.1 | DN21: {=OFFSET(Horarios!$P$3,DJ21-1,0,DL21,1)} -> 4 | DP21: 4D | DQ21: =INDEX($BD$6:$BD$53,MATCH(DP21,$BM$6:$BM$53,0)) -> Turquía | DT21: =AA21&"-"&AF21 -> Haití-Escocia
A22: =+Equipos!B11 -> Marruecos | D22: =IF(OR(AC22="",AD22=""),"Pendiente",IF(AC22>AD22,"Local",IF(AC22<AD22,"Visitante","Empate"))) -> Visitante | E22: =IF(D22="Pendiente","-",INDEX($BT$6:$BT$53,MATCH($AA22,$BD$6:$BD$53,0))) -> - | F22: =IF(D22="Pendiente","-",INDEX($BT$6:$BT$53,MATCH($AF22,$BD$6:$BD$53,0))) -> P.1 (2) | H22: =IF(D22="Pendiente","-",INDEX($BZ$6:$BZ$53,MATCH($AA22,$BD$6:$BD$53,0))) -> - | I22: =IF(D22="Pendiente","-",INDEX($BZ$6:$BZ$53,MATCH($AF22,$BD$6:$BD$53,0))) -> P.1 (2) | K22: =IF(D22="Pendiente","-",INDEX($CE$6:$CE$53,MATCH($AA22,$BD$6:$BD$53,0))) -> - | L22: =IF(D22="Pendiente","-",INDEX($CE$6:$CE$53,MATCH($AF22,$BD$6:$BD$53,0))) -> P.1 (2) | N22: =IF(D22="Pendiente","-",INDEX($CH$6:$CH$53,MATCH($AA22,$BD$6:$BD$53,0))) -> - | O22: =IF(D22="Pendiente","-",INDEX($CH$6:$CH$53,MATCH($AF22,$BD$6:$BD$53,0))) -> P.1 (2) | Q22: =IF(D22="Pendiente","-",INDEX($CN$6:$CN$53,MATCH($AA22,$BD$6:$BD$53,0))) -> - | R22: =IF(D22="Pendiente","-",INDEX($CN$6:$CN$53,MATCH($AF22,$BD$6:$BD$53,0))) -> P.1 (2) | T22: =IF(D22="Pendiente","-",INDEX($CS$6:$CS$53,MATCH($AA22,$BD$6:$BD$53,0))) -> - | U22: =IF(D22="Pendiente","-",INDEX($CS$6:$CS$53,MATCH($AF22,$BD$6:$BD$53,0))) -> P.1 (2) | X22: =Horarios!C22 -> 46193 | Y22: =Horarios!C22 -> 46193 | Z22: =$Z$6 -> J2 | AA22: =A24 -> Escocia | AB22: {=Ver_flag_local} -> #VALUE! | AC22: 0 | AD22: 1 | AE22: {=Ver_flag_visit} -> #VALUE! | AF22: =A22 -> Marruecos | AG22: =IF(NOT(OR(ISBLANK(AC22),ISBLANK(AD22))),1,0) -> 1 | AH22: 30 | AI22: =AJ22&$B$20 -> 1C | AJ22: 1 | AK22: {=Ver_flag_visit} -> #VALUE! | AL22: =IFERROR(INDEX($BD$6:$BD$53,MATCH(AI22,$BN$6:$BN$53,0)),"") -> Brasil | AM22: =INDEX($BE$6:$BN$53,MATCH($AL22,$BD$6:$BD$53,0),MATCH(AM$5,$BE$5:$BN$5,0)) -> 4 | AN22: =INDEX($BE$6:$BN$53,MATCH($AL22,$BD$6:$BD$53,0),MATCH(AN$5,$BE$5:$BN$5,0)) -> 2 | AO22: =INDEX($BE$6:$BN$53,MATCH($AL22,$BD$6:$BD$53,0),MATCH(AO$5,$BE$5:$BN$5,0)) -> 1 | AP22: =INDEX($BE$6:$BN$53,MATCH($AL22,$BD$6:$BD$53,0),MATCH(AP$5,$BE$5:$BN$5,0)) -> 1 | AQ22: =INDEX($BE$6:$BN$53,MATCH($AL22,$BD$6:$BD$53,0),MATCH(AQ$5,$BE$5:$BN$5,0)) -> 0 | AR22: =INDEX($BE$6:$BN$53,MATCH($AL22,$BD$6:$BD$53,0),MATCH(AR$5,$BE$5:$BN$5,0)) -> 4 | AS22: =INDEX($BE$6:$BN$53,MATCH($AL22,$BD$6:$BD$53,0),MATCH(AS$5,$BE$5:$BN$5,0)) -> 1 | AT22: =INDEX($BE$6:$BN$53,MATCH($AL22,$BD$6:$BD$53,0),MATCH(AT$5,$BE$5:$BN$5,0)) -> 3 | AU22: =INDEX($DL$6:$DL$53,MATCH(AI22,$DP$6:$DP$53,0)) -> 1 | AV22: =INDEX($BD$6:$BD$53,MATCH(AI22,$BM$6:$BM$53,0)) -> Brasil | AY22: =+A21 -> Brasil | BC22: =+INDEX(T_Equipos[Grupo],MATCH(WORLDCUP!BD22,T_Equipos[NombreEquipo],0)) -> E | BD22: =+Equipos!B18 -> Alemania | BE22: =+BG22*3+BH22+IF($AZ$3="no",0,INDEX($AZ$6:$AZ$97,MATCH(BD22,$AY$6:$AY$97,0))) -> 3 | BF22: =+BG22+BH22+BI22 -> 1 | BG22: =+COUNTIFS(FGLocal,BD22,Ganador,"Local")+COUNTIFS(FGVisitante,BD22,Ganador,"Visitante") -> 1 | BH22: =+COUNTIFS(FGLocal,BD22,Ganador,"Empate")+COUNTIFS(FGVisitante,BD22,Ganador,"Empate") -> 0 | BI22: =+COUNTIFS(FGVisitante,BD22,Ganador,"Local")+COUNTIFS(FGLocal,BD22,Ganador,"Visitante") -> 0 | BJ22: =+SUMIFS(FG_GolesLocal,FGLocal,BD22,Ganador,"<>"&"Pendiente",FG_GolesLocal,"<>"&"",FG_GolesVisitante,"<>"&"")+SUMIFS(FG_GolesVisitante,FGVisitante,BD22,Ganador,"<>"&"Pendiente",FG_GolesLocal,"<>"&"",FG_GolesVisitante,"<>"&"") -> 7 | BK22: =+SUMIFS(FG_GolesLocal,FGVisitante,BD22,Ganador,"<>"&"Pendiente",FG_GolesLocal,"<>"&"",FG_GolesVisitante,"<>"&"")+SUMIFS(FG_GolesVisitante,FGLocal,BD22,Ganador,"<>"&"Pendiente",FG_GolesLocal,"<>"&"",FG_GolesVisitante,"<>"&"") -> 1 | BL22: =+BJ22-BK22 -> 6 | BM22: =DD22&BC22 -> 1E | BN22: =DH22&BC22 -> 1E | BO22: =IF(AND($AJ$99=144,BF22>=1),1,0) -> 0 | BP22: =COUNTIFS($BO$6:$BO$53,">"&BO22,$BC$6:$BC$53,INDEX(T_Equipos[Grupo],MATCH(BD22,T_Equipos[NombreEquipo],0)))+1 -> 1 | BQ22: =IF(COUNTIFS($BP$6:$BP$53,BP22,$BC$6:$BC$53,INDEX(T_Equipos[Grupo],MATCH(BD22,T_Equipos[NombreEquipo],0)))=1,"-","P."&BP22&" ("&COUNTIFS($BP$6:$BP$53,BP22,$BC$6:$BC$53,INDEX(T_Equipos[Grupo],MATCH(BD22,T_Equipos[NombreEquipo],0)))&")") -> P.1 (4) | BR22: =IF($BQ22="-","-",BE22) -> 3 | BS22: =BP22+COUNTIFS($BQ$6:$BQ$53,BQ22,$BR$6:BR$53,">"&BR22,$BC$6:$BC$53,INDEX(T_Equipos[Grupo],MATCH(BD22,T_Equipos[NombreEquipo],0))) -> 1 | BT22: =IF(COUNTIFS($BS$6:$BS$53,BS22,$BC$6:$BC$53,INDEX(T_Equipos[Grupo],MATCH(BD22,T_Equipos[NombreEquipo],0)))=1,"-","P."&BS22&" ("&COUNTIFS($BS$6:$BS$53,BS22,$BC$6:$BC$53,INDEX(T_Equipos[Grupo],MATCH(BD22,T_Equipos[NombreEquipo],0)))&")") -> P.1 (2) | BU22: =IF($BT22="-","-",COUNTIFS(FGLocal,$BD22,Ganador,"Local",Part1Empate1V,$BT22)+COUNTIFS(FGVisitante,$BD22,Ganador,"Visitante",Part1Empate1L,$BT22)) -> 0 | BV22: =IF($BT22="-","-",COUNTIFS(FGLocal,$BD22,Ganador,"Empate",Part1Empate1V,$BT22)+COUNTIFS(FGVisitante,$BD22,Ganador,"Empate",Part1Empate1L,$BT22)) -> 0 | BW22: =IF($BT22="-","-",COUNTIFS(FGLocal,$BD22,Ganador,"Visitante",Part1Empate1V,$BT22)+COUNTIFS(FGVisitante,$BD22,Ganador,"Local",Part1Empate1L,$BT22)) -> 0 | BX22: =IF($BT22="-","-",BU22*3+BV22) -> 0 | BY22: =BS22+COUNTIFS($BT$6:$BT$53,BT22,$BX$6:BX$53,">"&BX22,$BC$6:$BC$53,INDEX(T_Equipos[Grupo],MATCH(BD22,T_Equipos[NombreEquipo],0))) -> 1 | BZ22: =IF(COUNTIFS($BY$6:$BY$53,BY22,$BC$6:$BC$53,INDEX(T_Equipos[Grupo],MATCH(BD22,T_Equipos[NombreEquipo],0)))=1,"-","P."&BY22&" ("&COUNTIFS($BY$6:$BY$53,BY22,$BC$6:$BC$53,INDEX(T_Equipos[Grupo],MATCH(BD22,T_Equipos[NombreEquipo],0)))&")") -> P.1 (2) | CA22: =IF($BZ22="-","-",SUMIFS(FG_GolesLocal,FGLocal,$BD22,Part1Empate2V,$BZ22)+SUMIFS(FG_GolesVisitante,FGVisitante,$BD22,Part1Empate2L,$BZ22)) -> 0 | CB22: =IF($BZ22="-","-",SUMIFS(FG_GolesVisitante,FGLocal,$BD22,Part1Empate2V,$BZ22)+SUMIFS(FG_GolesLocal,FGVisitante,$BD22,Part1Empate2L,$BZ22)) -> 0 | CC22: =IF($BZ22="-","-",CA22-CB22) -> 0 | CD22: =BY22+COUNTIFS($BZ$6:$BZ$53,BZ22,$CC$6:CC$53,">"&CC22,$BC$6:$BC$53,INDEX(T_Equipos[Grupo],MATCH(BD22,T_Equipos[NombreEquipo],0))) -> 1 | CE22: =IF(COUNTIFS($CD$6:$CD$53,CD22,$BC$6:$BC$53,INDEX(T_Equipos[Grupo],MATCH(BD22,T_Equipos[NombreEquipo],0)))=1,"-","P."&CD22&" ("&COUNTIFS($CD$6:$CD$53,CD22,$BC$6:$BC$53,INDEX(T_Equipos[Grupo],MATCH(BD22,T_Equipos[NombreEquipo],0)))&")") -> P.1 (2) | CF22: =IF($CE22="-","-",SUMIFS(FG_GolesLocal,FGLocal,$BD22,Part1Empate3V,$CE22)+SUMIFS(FG_GolesVisitante,FGVisitante,$BD22,Part1Empate3L,$CE22)) -> 0 | CG22: =CD22+COUNTIFS($CE$6:$CE$53,CE22,$CF$6:CF$53,">"&CF22,$BC$6:$BC$53,INDEX(T_Equipos[Grupo],MATCH(BD22,T_Equipos[NombreEquipo],0))) -> 1 | CH22: =IF(COUNTIFS($CG$6:$CG$53,CG22,$BC$6:$BC$53,INDEX(T_Equipos[Grupo],MATCH(BD22,T_Equipos[NombreEquipo],0)))=1,"-","P."&CG22&" ("&COUNTIFS($CG$6:$CG$53,CG22,$BC$6:$BC$53,INDEX(T_Equipos[Grupo],MATCH(BD22,T_Equipos[NombreEquipo],0)))&")") -> P.1 (2) | CI22: =IF($CH22="-","-",COUNTIFS(FGLocal,$BD22,Ganador,"Local",Part2Empate4V,$CH22)+COUNTIFS(FGVisitante,$BD22,Ganador,"Visitante",Part2Empate4L,$CH22)) -> 0 | CJ22: =IF($CH22="-","-",COUNTIFS(FGLocal,$BD22,Ganador,"Empate",Part2Empate4V,$CH22)+COUNTIFS(FGVisitante,$BD22,Ganador,"Empate",Part2Empate4L,$CH22)) -> 0 | CK22: =IF($CH22="-","-",COUNTIFS(FGLocal,$BD22,Ganador,"Visitante",Part2Empate4V,$CH22)+COUNTIFS(FGVisitante,$BD22,Ganador,"Local",Part2Empate4L,$CH22)) -> 0 | CL22: =IF($CH22="-","-",CI22*3+CJ22) -> 0 | CM22: =CG22+COUNTIFS($CH$6:$CH$53,CH22,$CL$6:CL$53,">"&CL22,$BC$6:$BC$53,INDEX(T_Equipos[Grupo],MATCH(BD22,T_Equipos[NombreEquipo],0))) -> 1 | CN22: =IF(COUNTIFS($CM$6:$CM$53,CM22,$BC$6:$BC$53,INDEX(T_Equipos[Grupo],MATCH(BD22,T_Equipos[NombreEquipo],0)))=1,"-","P."&CM22&" ("&COUNTIFS($CM$6:$CM$53,CM22,$BC$6:$BC$53,INDEX(T_Equipos[Grupo],MATCH(BD22,T_Equipos[NombreEquipo],0)))&")") -> P.1 (2) | CO22: =IF($CN22="-","-",SUMIFS(FG_GolesLocal,FGLocal,$BD22,Part2Empate5V,$CN22)+SUMIFS(FG_GolesVisitante,FGVisitante,$BD22,Part2Empate5L,$CN22)) -> 0 | CP22: =IF($CN22="-","-",SUMIFS(FG_GolesVisitante,FGLocal,$BD22,Part2Empate5V,$CN22)+SUMIFS(FG_GolesLocal,FGVisitante,$BD22,Part2Empate5L,$CN22)) -> 0 | CQ22: =IF($CN22="-","-",CO22-CP22) -> 0 | CR22: =CM22+COUNTIFS($CN$6:$CN$53,CN22,$CQ$6:CQ$53,">"&CQ22,$BC$6:$BC$53,INDEX(T_Equipos[Grupo],MATCH(BD22,T_Equipos[NombreEquipo],0))) -> 1 | CS22: =IF(COUNTIFS($CR$6:$CR$53,CR22,$BC$6:$BC$53,INDEX(T_Equipos[Grupo],MATCH(BD22,T_Equipos[NombreEquipo],0)))=1,"-","P."&CR22&" ("&COUNTIFS($CR$6:$CR$53,CR22,$BC$6:$BC$53,INDEX(T_Equipos[Grupo],MATCH(BD22,T_Equipos[NombreEquipo],0)))&")") -> P.1 (2) | CT22: =IF($CS22="-","-",SUMIFS(FG_GolesLocal,FGLocal,$BD22,Part2Empate6V,$CS22)+SUMIFS(FG_GolesVisitante,FGVisitante,$BD22,Part2Empate6L,$CS22)) -> 0 | CU22: =CR22+COUNTIFS($CS$6:$CS$53,CS22,$CT$6:CT$53,">"&CT22,$BC$6:$BC$53,INDEX(T_Equipos[Grupo],MATCH(BD22,T_Equipos[NombreEquipo],0))) -> 1 | CV22: =IF(COUNTIFS($CU$6:$CU$53,CU22,$BC$6:$BC$53,INDEX(T_Equipos[Grupo],MATCH(BD22,T_Equipos[NombreEquipo],0)))=1,"-","P."&CU22&" ("&COUNTIFS($CU$6:$CU$53,CU22,$BC$6:$BC$53,INDEX(T_Equipos[Grupo],MATCH(BD22,T_Equipos[NombreEquipo],0)))&")") -> P.1 (2) | CW22: =IF(CV22="-","-",BL22) -> 6 | CX22: =CU22+COUNTIFS($CV$6:$CV$53,CV22,$CW$6:CW$53,">"&CW22,$BC$6:$BC$53,INDEX(T_Equipos[Grupo],MATCH(BD22,T_Equipos[NombreEquipo],0))) -> 1 | CY22: =IF(COUNTIFS($CX$6:$CX$53,CX22,$BC$6:$BC$53,INDEX(T_Equipos[Grupo],MATCH(BD22,T_Equipos[NombreEquipo],0)))=1,"-","P."&CX22&" ("&COUNTIFS($CX$6:$CX$53,CX22,$BC$6:$BC$53,INDEX(T_Equipos[Grupo],MATCH(BD22,T_Equipos[NombreEquipo],0)))&")") -> - | CZ22: =IF(CY22="-","-",BJ22) -> - | DA22: =CX22+COUNTIFS($CY$6:$CY$53,CY22,$CZ$6:CZ$53,">"&CZ22,$BC$6:$BC$53,INDEX(T_Equipos[Grupo],MATCH(BD22,T_Equipos[NombreEquipo],0))) -> 1 | DB22: =IF(COUNTIFS($DA$6:$DA$53,DA22,$BC$6:$BC$53,INDEX(T_Equipos[Grupo],MATCH(BD22,T_Equipos[NombreEquipo],0)))=1,"-","P."&DA22&" ("&COUNTIFS($DA$6:$DA$53,DA22,$BC$6:$BC$53,INDEX(T_Equipos[Grupo],MATCH(BD22,T_Equipos[NombreEquipo],0)))&")") -> - | DC22: =IF(DB22="-","-",COUNTIFS(T_Equipos[Rank],"<"&INDEX(T_Equipos[Rank],MATCH(BD22,T_Equipos[NombreEquipo],0)),$BC$6:$BC$53,INDEX(T_Equipos[Grupo],MATCH(BD22,T_Equipos[NombreEquipo],0)))+1) -> - | DD22: =DA22+COUNTIFS($DB$6:$DB$53,DB22,$DC$6:DC$53,"<"&DC22,$BC$6:$BC$53,INDEX(T_Equipos[Grupo],MATCH(BD22,T_Equipos[NombreEquipo],0))) -> 1 | DF22: =IF(OR(INDEX($AW$6:$AW$97,MATCH($BD22,$AV$6:$AV$97,0))="",DB22="-"),DD22,INDEX($AW$6:$AW$97,MATCH($BD22,$AV$6:$AV$97,0))+DD22/1000) -> 1 | DG22: =IF(DB22="-","-",COUNTIFS(DF$6:DF$53,"<"&DF22,$BC$6:$BC$53,INDEX(T_Equipos[Grupo],MATCH(BD22,T_Equipos[NombreEquipo],0)))) -> - | DH22: =DA22+COUNTIFS(DB$6:DB$53,DB22,DG$6:DG$53,"<"&DG22,$BC$6:$BC$53,INDEX(T_Equipos[Grupo],MATCH(BD22,T_Equipos[NombreEquipo],0))) -> 1 | DJ22: =INDEX($DA$6:$DA$53,MATCH($DQ22,$BD$6:$BD$53,0)) -> 1 | DK22: =+SUMIF($BC$6:$BC$53,BC22,$BF$6:$BF$53) -> 4 | DL22: =IF(OR(DK22=12,$AJ$99=144),COUNTIFS($DJ$6:$DJ$53,DJ22,$BC$6:$BC$53,BC22),1) -> 1 | DM22: =DJ22&"."&DL22 -> 1.1 | DN22: {=OFFSET(Horarios!$P$3,DJ22-1,0,DL22,1)} -> 1 | DP22: 1E | DQ22: =INDEX($BD$6:$BD$53,MATCH(DP22,$BM$6:$BM$53,0)) -> Alemania | DT22: =AA22&"-"&AF22 -> Escocia-Marruecos
A23: =+Equipos!B12 -> Haití | D23: =IF(OR(AC23="",AD23=""),"Pendiente",IF(AC23>AD23,"Local",IF(AC23<AD23,"Visitante","Empate"))) -> Local | E23: =IF(D23="Pendiente","-",INDEX($BT$6:$BT$53,MATCH($AA23,$BD$6:$BD$53,0))) -> P.1 (2) | F23: =IF(D23="Pendiente","-",INDEX($BT$6:$BT$53,MATCH($AF23,$BD$6:$BD$53,0))) -> - | H23: =IF(D23="Pendiente","-",INDEX($BZ$6:$BZ$53,MATCH($AA23,$BD$6:$BD$53,0))) -> P.1 (2) | I23: =IF(D23="Pendiente","-",INDEX($BZ$6:$BZ$53,MATCH($AF23,$BD$6:$BD$53,0))) -> - | K23: =IF(D23="Pendiente","-",INDEX($CE$6:$CE$53,MATCH($AA23,$BD$6:$BD$53,0))) -> P.1 (2) | L23: =IF(D23="Pendiente","-",INDEX($CE$6:$CE$53,MATCH($AF23,$BD$6:$BD$53,0))) -> - | N23: =IF(D23="Pendiente","-",INDEX($CH$6:$CH$53,MATCH($AA23,$BD$6:$BD$53,0))) -> P.1 (2) | O23: =IF(D23="Pendiente","-",INDEX($CH$6:$CH$53,MATCH($AF23,$BD$6:$BD$53,0))) -> - | Q23: =IF(D23="Pendiente","-",INDEX($CN$6:$CN$53,MATCH($AA23,$BD$6:$BD$53,0))) -> P.1 (2) | R23: =IF(D23="Pendiente","-",INDEX($CN$6:$CN$53,MATCH($AF23,$BD$6:$BD$53,0))) -> - | T23: =IF(D23="Pendiente","-",INDEX($CS$6:$CS$53,MATCH($AA23,$BD$6:$BD$53,0))) -> P.1 (2) | U23: =IF(D23="Pendiente","-",INDEX($CS$6:$CS$53,MATCH($AF23,$BD$6:$BD$53,0))) -> - | X23: =Horarios!C23 -> 46193.104 | Y23: =Horarios!C23 -> 46193.104 | Z23: =$Z$6 -> J2 | AA23: =A21 -> Brasil | AB23: {=Ver_flag_local} -> #VALUE! | AC23: 3 | AD23: 0 | AE23: {=Ver_flag_visit} -> #VALUE! | AF23: =A23 -> Haití | AG23: =IF(NOT(OR(ISBLANK(AC23),ISBLANK(AD23))),1,0) -> 1 | AH23: 29 | AI23: =AJ23&$B$20 -> 2C | AJ23: 2 | AK23: {=Ver_flag_visit} -> #VALUE! | AL23: =IFERROR(INDEX($BD$6:$BD$53,MATCH(AI23,$BN$6:$BN$53,0)),"") -> Marruecos | AM23: =INDEX($BE$6:$BN$53,MATCH($AL23,$BD$6:$BD$53,0),MATCH(AM$5,$BE$5:$BN$5,0)) -> 4 | AN23: =INDEX($BE$6:$BN$53,MATCH($AL23,$BD$6:$BD$53,0),MATCH(AN$5,$BE$5:$BN$5,0)) -> 2 | AO23: =INDEX($BE$6:$BN$53,MATCH($AL23,$BD$6:$BD$53,0),MATCH(AO$5,$BE$5:$BN$5,0)) -> 1 | AP23: =INDEX($BE$6:$BN$53,MATCH($AL23,$BD$6:$BD$53,0),MATCH(AP$5,$BE$5:$BN$5,0)) -> 1 | AQ23: =INDEX($BE$6:$BN$53,MATCH($AL23,$BD$6:$BD$53,0),MATCH(AQ$5,$BE$5:$BN$5,0)) -> 0 | AR23: =INDEX($BE$6:$BN$53,MATCH($AL23,$BD$6:$BD$53,0),MATCH(AR$5,$BE$5:$BN$5,0)) -> 2 | AS23: =INDEX($BE$6:$BN$53,MATCH($AL23,$BD$6:$BD$53,0),MATCH(AS$5,$BE$5:$BN$5,0)) -> 1 | AT23: =INDEX($BE$6:$BN$53,MATCH($AL23,$BD$6:$BD$53,0),MATCH(AT$5,$BE$5:$BN$5,0)) -> 1 | AU23: =INDEX($DL$6:$DL$53,MATCH(AI23,$DP$6:$DP$53,0)) -> 1 | AV23: =INDEX($BD$6:$BD$53,MATCH(AI23,$BM$6:$BM$53,0)) -> Marruecos | AY23: =+A22 -> Marruecos | BC23: =+INDEX(T_Equipos[Grupo],MATCH(WORLDCUP!BD23,T_Equipos[NombreEquipo],0)) -> E | BD23: =+Equipos!B19 -> Curazao | BE23: =+BG23*3+BH23+IF($AZ$3="no",0,INDEX($AZ$6:$AZ$97,MATCH(BD23,$AY$6:$AY$97,0))) -> 0 | BF23: =+BG23+BH23+BI23 -> 1 | BG23: =+COUNTIFS(FGLocal,BD23,Ganador,"Local")+COUNTIFS(FGVisitante,BD23,Ganador,"Visitante") -> 0 | BH23: =+COUNTIFS(FGLocal,BD23,Ganador,"Empate")+COUNTIFS(FGVisitante,BD23,Ganador,"Empate") -> 0 | BI23: =+COUNTIFS(FGVisitante,BD23,Ganador,"Local")+COUNTIFS(FGLocal,BD23,Ganador,"Visitante") -> 1 | BJ23: =+SUMIFS(FG_GolesLocal,FGLocal,BD23,Ganador,"<>"&"Pendiente",FG_GolesLocal,"<>"&"",FG_GolesVisitante,"<>"&"")+SUMIFS(FG_GolesVisitante,FGVisitante,BD23,Ganador,"<>"&"Pendiente",FG_GolesLocal,"<>"&"",FG_GolesVisitante,"<>"&"") -> 1 | BK23: =+SUMIFS(FG_GolesLocal,FGVisitante,BD23,Ganador,"<>"&"Pendiente",FG_GolesLocal,"<>"&"",FG_GolesVisitante,"<>"&"")+SUMIFS(FG_GolesVisitante,FGLocal,BD23,Ganador,"<>"&"Pendiente",FG_GolesLocal,"<>"&"",FG_GolesVisitante,"<>"&"") -> 7 | BL23: =+BJ23-BK23 -> -6 | BM23: =DD23&BC23 -> 4E | BN23: =DH23&BC23 -> 4E | BO23: =IF(AND($AJ$99=144,BF23>=1),1,0) -> 0 | BP23: =COUNTIFS($BO$6:$BO$53,">"&BO23,$BC$6:$BC$53,INDEX(T_Equipos[Grupo],MATCH(BD23,T_Equipos[NombreEquipo],0)))+1 -> 1 | BQ23: =IF(COUNTIFS($BP$6:$BP$53,BP23,$BC$6:$BC$53,INDEX(T_Equipos[Grupo],MATCH(BD23,T_Equipos[NombreEquipo],0)))=1,"-","P."&BP23&" ("&COUNTIFS($BP$6:$BP$53,BP23,$BC$6:$BC$53,INDEX(T_Equipos[Grupo],MATCH(BD23,T_Equipos[NombreEquipo],0)))&")") -> P.1 (4) | BR23: =IF($BQ23="-","-",BE23) -> 0 | BS23: =BP23+COUNTIFS($BQ$6:$BQ$53,BQ23,$BR$6:BR$53,">"&BR23,$BC$6:$BC$53,INDEX(T_Equipos[Grupo],MATCH(BD23,T_Equipos[NombreEquipo],0))) -> 3 | BT23: =IF(COUNTIFS($BS$6:$BS$53,BS23,$BC$6:$BC$53,INDEX(T_Equipos[Grupo],MATCH(BD23,T_Equipos[NombreEquipo],0)))=1,"-","P."&BS23&" ("&COUNTIFS($BS$6:$BS$53,BS23,$BC$6:$BC$53,INDEX(T_Equipos[Grupo],MATCH(BD23,T_Equipos[NombreEquipo],0)))&")") -> P.3 (2) | BU23: =IF($BT23="-","-",COUNTIFS(FGLocal,$BD23,Ganador,"Local",Part1Empate1V,$BT23)+COUNTIFS(FGVisitante,$BD23,Ganador,"Visitante",Part1Empate1L,$BT23)) -> 0 | BV23: =IF($BT23="-","-",COUNTIFS(FGLocal,$BD23,Ganador,"Empate",Part1Empate1V,$BT23)+COUNTIFS(FGVisitante,$BD23,Ganador,"Empate",Part1Empate1L,$BT23)) -> 0 | BW23: =IF($BT23="-","-",COUNTIFS(FGLocal,$BD23,Ganador,"Visitante",Part1Empate1V,$BT23)+COUNTIFS(FGVisitante,$BD23,Ganador,"Local",Part1Empate1L,$BT23)) -> 0 | BX23: =IF($BT23="-","-",BU23*3+BV23) -> 0 | BY23: =BS23+COUNTIFS($BT$6:$BT$53,BT23,$BX$6:BX$53,">"&BX23,$BC$6:$BC$53,INDEX(T_Equipos[Grupo],MATCH(BD23,T_Equipos[NombreEquipo],0))) -> 3 | BZ23: =IF(COUNTIFS($BY$6:$BY$53,BY23,$BC$6:$BC$53,INDEX(T_Equipos[Grupo],MATCH(BD23,T_Equipos[NombreEquipo],0)))=1,"-","P."&BY23&" ("&COUNTIFS($BY$6:$BY$53,BY23,$BC$6:$BC$53,INDEX(T_Equipos[Grupo],MATCH(BD23,T_Equipos[NombreEquipo],0)))&")") -> P.3 (2) | CA23: =IF($BZ23="-","-",SUMIFS(FG_GolesLocal,FGLocal,$BD23,Part1Empate2V,$BZ23)+SUMIFS(FG_GolesVisitante,FGVisitante,$BD23,Part1Empate2L,$BZ23)) -> 0 | CB23: =IF($BZ23="-","-",SUMIFS(FG_GolesVisitante,FGLocal,$BD23,Part1Empate2V,$BZ23)+SUMIFS(FG_GolesLocal,FGVisitante,$BD23,Part1Empate2L,$BZ23)) -> 0 | CC23: =IF($BZ23="-","-",CA23-CB23) -> 0 | CD23: =BY23+COUNTIFS($BZ$6:$BZ$53,BZ23,$CC$6:CC$53,">"&CC23,$BC$6:$BC$53,INDEX(T_Equipos[Grupo],MATCH(BD23,T_Equipos[NombreEquipo],0))) -> 3 | CE23: =IF(COUNTIFS($CD$6:$CD$53,CD23,$BC$6:$BC$53,INDEX(T_Equipos[Grupo],MATCH(BD23,T_Equipos[NombreEquipo],0)))=1,"-","P."&CD23&" ("&COUNTIFS($CD$6:$CD$53,CD23,$BC$6:$BC$53,INDEX(T_Equipos[Grupo],MATCH(BD23,T_Equipos[NombreEquipo],0)))&")") -> P.3 (2) | CF23: =IF($CE23="-","-",SUMIFS(FG_GolesLocal,FGLocal,$BD23,Part1Empate3V,$CE23)+SUMIFS(FG_GolesVisitante,FGVisitante,$BD23,Part1Empate3L,$CE23)) -> 0 | CG23: =CD23+COUNTIFS($CE$6:$CE$53,CE23,$CF$6:CF$53,">"&CF23,$BC$6:$BC$53,INDEX(T_Equipos[Grupo],MATCH(BD23,T_Equipos[NombreEquipo],0))) -> 3 | CH23: =IF(COUNTIFS($CG$6:$CG$53,CG23,$BC$6:$BC$53,INDEX(T_Equipos[Grupo],MATCH(BD23,T_Equipos[NombreEquipo],0)))=1,"-","P."&CG23&" ("&COUNTIFS($CG$6:$CG$53,CG23,$BC$6:$BC$53,INDEX(T_Equipos[Grupo],MATCH(BD23,T_Equipos[NombreEquipo],0)))&")") -> P.3 (2) | CI23: =IF($CH23="-","-",COUNTIFS(FGLocal,$BD23,Ganador,"Local",Part2Empate4V,$CH23)+COUNTIFS(FGVisitante,$BD23,Ganador,"Visitante",Part2Empate4L,$CH23)) -> 0 | CJ23: =IF($CH23="-","-",COUNTIFS(FGLocal,$BD23,Ganador,"Empate",Part2Empate4V,$CH23)+COUNTIFS(FGVisitante,$BD23,Ganador,"Empate",Part2Empate4L,$CH23)) -> 0 | CK23: =IF($CH23="-","-",COUNTIFS(FGLocal,$BD23,Ganador,"Visitante",Part2Empate4V,$CH23)+COUNTIFS(FGVisitante,$BD23,Ganador,"Local",Part2Empate4L,$CH23)) -> 0 | CL23: =IF($CH23="-","-",CI23*3+CJ23) -> 0 | CM23: =CG23+COUNTIFS($CH$6:$CH$53,CH23,$CL$6:CL$53,">"&CL23,$BC$6:$BC$53,INDEX(T_Equipos[Grupo],MATCH(BD23,T_Equipos[NombreEquipo],0))) -> 3 | CN23: =IF(COUNTIFS($CM$6:$CM$53,CM23,$BC$6:$BC$53,INDEX(T_Equipos[Grupo],MATCH(BD23,T_Equipos[NombreEquipo],0)))=1,"-","P."&CM23&" ("&COUNTIFS($CM$6:$CM$53,CM23,$BC$6:$BC$53,INDEX(T_Equipos[Grupo],MATCH(BD23,T_Equipos[NombreEquipo],0)))&")") -> P.3 (2) | CO23: =IF($CN23="-","-",SUMIFS(FG_GolesLocal,FGLocal,$BD23,Part2Empate5V,$CN23)+SUMIFS(FG_GolesVisitante,FGVisitante,$BD23,Part2Empate5L,$CN23)) -> 0 | CP23: =IF($CN23="-","-",SUMIFS(FG_GolesVisitante,FGLocal,$BD23,Part2Empate5V,$CN23)+SUMIFS(FG_GolesLocal,FGVisitante,$BD23,Part2Empate5L,$CN23)) -> 0 | CQ23: =IF($CN23="-","-",CO23-CP23) -> 0 | CR23: =CM23+COUNTIFS($CN$6:$CN$53,CN23,$CQ$6:CQ$53,">"&CQ23,$BC$6:$BC$53,INDEX(T_Equipos[Grupo],MATCH(BD23,T_Equipos[NombreEquipo],0))) -> 3 | CS23: =IF(COUNTIFS($CR$6:$CR$53,CR23,$BC$6:$BC$53,INDEX(T_Equipos[Grupo],MATCH(BD23,T_Equipos[NombreEquipo],0)))=1,"-","P."&CR23&" ("&COUNTIFS($CR$6:$CR$53,CR23,$BC$6:$BC$53,INDEX(T_Equipos[Grupo],MATCH(BD23,T_Equipos[NombreEquipo],0)))&")") -> P.3 (2) | CT23: =IF($CS23="-","-",SUMIFS(FG_GolesLocal,FGLocal,$BD23,Part2Empate6V,$CS23)+SUMIFS(FG_GolesVisitante,FGVisitante,$BD23,Part2Empate6L,$CS23)) -> 0 | CU23: =CR23+COUNTIFS($CS$6:$CS$53,CS23,$CT$6:CT$53,">"&CT23,$BC$6:$BC$53,INDEX(T_Equipos[Grupo],MATCH(BD23,T_Equipos[NombreEquipo],0))) -> 3 | CV23: =IF(COUNTIFS($CU$6:$CU$53,CU23,$BC$6:$BC$53,INDEX(T_Equipos[Grupo],MATCH(BD23,T_Equipos[NombreEquipo],0)))=1,"-","P."&CU23&" ("&COUNTIFS($CU$6:$CU$53,CU23,$BC$6:$BC$53,INDEX(T_Equipos[Grupo],MATCH(BD23,T_Equipos[NombreEquipo],0)))&")") -> P.3 (2) | CW23: =IF(CV23="-","-",BL23) -> -6 | CX23: =CU23+COUNTIFS($CV$6:$CV$53,CV23,$CW$6:CW$53,">"&CW23,$BC$6:$BC$53,INDEX(T_Equipos[Grupo],MATCH(BD23,T_Equipos[NombreEquipo],0))) -> 4 | CY23: =IF(COUNTIFS($CX$6:$CX$53,CX23,$BC$6:$BC$53,INDEX(T_Equipos[Grupo],MATCH(BD23,T_Equipos[NombreEquipo],0)))=1,"-","P."&CX23&" ("&COUNTIFS($CX$6:$CX$53,CX23,$BC$6:$BC$53,INDEX(T_Equipos[Grupo],MATCH(BD23,T_Equipos[NombreEquipo],0)))&")") -> - | CZ23: =IF(CY23="-","-",BJ23) -> - | DA23: =CX23+COUNTIFS($CY$6:$CY$53,CY23,$CZ$6:CZ$53,">"&CZ23,$BC$6:$BC$53,INDEX(T_Equipos[Grupo],MATCH(BD23,T_Equipos[NombreEquipo],0))) -> 4 | DB23: =IF(COUNTIFS($DA$6:$DA$53,DA23,$BC$6:$BC$53,INDEX(T_Equipos[Grupo],MATCH(BD23,T_Equipos[NombreEquipo],0)))=1,"-","P."&DA23&" ("&COUNTIFS($DA$6:$DA$53,DA23,$BC$6:$BC$53,INDEX(T_Equipos[Grupo],MATCH(BD23,T_Equipos[NombreEquipo],0)))&")") -> - | DC23: =IF(DB23="-","-",COUNTIFS(T_Equipos[Rank],"<"&INDEX(T_Equipos[Rank],MATCH(BD23,T_Equipos[NombreEquipo],0)),$BC$6:$BC$53,INDEX(T_Equipos[Grupo],MATCH(BD23,T_Equipos[NombreEquipo],0)))+1) -> - | DD23: =DA23+COUNTIFS($DB$6:$DB$53,DB23,$DC$6:DC$53,"<"&DC23,$BC$6:$BC$53,INDEX(T_Equipos[Grupo],MATCH(BD23,T_Equipos[NombreEquipo],0))) -> 4 | DF23: =IF(OR(INDEX($AW$6:$AW$97,MATCH($BD23,$AV$6:$AV$97,0))="",DB23="-"),DD23,INDEX($AW$6:$AW$97,MATCH($BD23,$AV$6:$AV$97,0))+DD23/1000) -> 4 | DG23: =IF(DB23="-","-",COUNTIFS(DF$6:DF$53,"<"&DF23,$BC$6:$BC$53,INDEX(T_Equipos[Grupo],MATCH(BD23,T_Equipos[NombreEquipo],0)))) -> - | DH23: =DA23+COUNTIFS(DB$6:DB$53,DB23,DG$6:DG$53,"<"&DG23,$BC$6:$BC$53,INDEX(T_Equipos[Grupo],MATCH(BD23,T_Equipos[NombreEquipo],0))) -> 4 | DJ23: =INDEX($DA$6:$DA$53,MATCH($DQ23,$BD$6:$BD$53,0)) -> 2 | DK23: =+SUMIF($BC$6:$BC$53,BC23,$BF$6:$BF$53) -> 4 | DL23: =IF(OR(DK23=12,$AJ$99=144),COUNTIFS($DJ$6:$DJ$53,DJ23,$BC$6:$BC$53,BC23),1) -> 1 | DM23: =DJ23&"."&DL23 -> 2.1 | DN23: {=OFFSET(Horarios!$P$3,DJ23-1,0,DL23,1)} -> 2 | DP23: 2E | DQ23: =INDEX($BD$6:$BD$53,MATCH(DP23,$BM$6:$BM$53,0)) -> Costa de Marfil | DT23: =AA23&"-"&AF23 -> Brasil-Haití
